{
	"credit": "Made with Blockbench",
	"parent": "item/generated",
	"textures": {
		"layer0": "items/1452"
	},
	"display": {
		"thirdperson_righthand": {
			"rotation": [-56.25, -90, 0],
			"translation": [-11.75, -4.25, 2.25],
			"scale": [1.25, 1.25, 1]
		},
		"firstperson_righthand": {
			"rotation": [57.25, -91.75, 178.5],
			"translation": [-22.25, 0, 5.25]
		},
		"ground": {
			"rotation": [90, 0, 0],
			"scale": [1.5, 1.5, 1]
		},
		"gui": {
			"rotation": [0, -180, 90]
		},
		"head": {
			"rotation": [93, -94.25, -144.75],
			"translation": [-6.75, -26.75, 6.5],
			"scale": [1.75, 1.75, 1]
		},
		"fixed": {
			"rotation": [0, 0, 90]
		}
	}
}