{
	"credit": "Made with Blockbench",
	"parent": "item/handheld",
	"textures": {
		"layer0":"items/0705"
	},
	"display": {
		"thirdperson_righthand": {
			"rotation": [56.75, 90, 0],
			"translation": [0, -0.75, 1.75],
			"scale": [1.5, 1.5, 0.75]
		},
		"thirdperson_lefthand": {
			"rotation": [56.75, 90, 0],
			"translation": [0.25, -1.5, 2],
			"scale": [1.5, 1.5, 0.75]
		},
		"firstperson_righthand": {
			"rotation": [-33.75, -94.25, 0],
			"translation": [2.25, 5.5, 0]
		},
		"firstperson_lefthand": {
			"rotation": [44, -100.5, 0],
			"translation": [2.5, 5.75, 0.5]
		}
	}
}