{
	"credit": "Made with Blockbench",
	"parent": "item/handheld",
	"textures": {
		"layer0": "items/0034"
	},
	"display": {
		"thirdperson_righthand": {
			"rotation": [-45, -90, 0],
			"translation": [0, 5, 1.5]
		},
		"thirdperson_lefthand": {
			"rotation": [-45, 90, 0],
			"translation": [0, 5, 1.5]
		},
		"firstperson_righthand": {
			"rotation": [0, -180, 90],
			"translation": [5.65, 0, 0]
		},
		"firstperson_lefthand": {
			"translation": [5.65, 0, 0],
			"scale": [0, 0, 0]
		},
		"ground": {
			"rotation": [90, 0, 0],
			"translation": [0, -3, 0]
		},
		"gui": {
			"scale": [0.75, 0.75, 1]
		},
		"head": {
			"translation": [5.5, -23.75, 4.75],
			"scale": [0.5, 0.5, 1]
		}
	}
}