{
	"credit": "Made with Blockbench",
	"parent": "item/generated",
	"textures": {
		"layer0": "items/gui14"
	},
	"display": {
		"thirdperson_righthand": {
			"scale": [0, 0, 0]
		},
		"thirdperson_lefthand": {
			"scale": [0, 0, 0]
		},
		"firstperson_righthand": {
			"scale": [0, 0, 0]
		},
		"firstperson_lefthand": {
			"scale": [0, 0, 0]
		},
		"ground": {
			"rotation": [90, 0, 0],
			"scale": [1.5, 1.5, 1]
		},
		"gui": {
			"scale": [1.12, 1.12, 1]
		},
		"head": {
			"translation": [0, 0, -7.25],
			"scale": [1, 0.15039, 1]
		},
		"fixed": {
			"rotation": [0, 0, 90]
		}
	}
}