{
	"credit": "Made with Blockbench",
	"parent": "item/handheld",
	"textures": {
		"layer0": "items/0173"
	},
	"display": {
		"thirdperson_righthand": {
			"translation": [0, 1.5, 0],
			"scale": [0.25, 0.25, 1]
		},
		"thirdperson_lefthand": {
			"translation": [0, 1.5, 0],
			"scale": [0.25, 0.25, 1]
		},
		"firstperson_righthand": {
			"translation": [3, 2, 0],
			"scale": [0.25, 0.25, 0.251]
		},
		"firstperson_lefthand": {
			"translation": [3, 2, 0],
			"scale": [0.25, 0.25, 0.25]
		},
		"ground": {
			"rotation": [90, 0, 0],
			"translation": [0, -3, 0],
			"scale": [0.25, 0.25, 1]
		},
		"gui": {
			"scale": [0.5, 0.5, 1]
		}
	}
}