{
	"credit": "Made with Blockbench",
	"parent": "item/handheld",
	"textures": {
		"layer0": "items/0170"
	},
	"display": {
		"thirdperson_righthand": {
			"rotation": [45, -90, 0],
			"translation": [0, 3, -2],
			"scale": [1.5, 1.5, 2]
		},
		"thirdperson_lefthand": {
			"rotation": [-45, 90, 0],
			"translation": [0, 0, -2],
			"scale": [1.25, 1.25, 1.25]
		},
		"firstperson_righthand": {
			"rotation": [-45, -90, 0],
			"translation": [10, -3, -1],
			"scale": [2, 2, 1]
		},
		"firstperson_lefthand": {
			"rotation": [-45, 90, 0],
			"translation": [3, 1, -1]
		},
		"ground": {
			"rotation": [90, 0, 0],
			"translation": [0, -3, 0],
			"scale": [3, 3, 3]
		},
		"gui": {
			"scale": [1.3, 1.3, 1]
		},
		"head": {
			"rotation": [0, 0, 90],
			"translation": [0, -16, 6],
			"scale": [2, 2, 2]
		}
	}
}