{
	"credit": "Made with Blockbench",
	"parent": "item/generated",
	"textures": {
		"layer0": "items/1453"
	},
	"display": {
		"thirdperson_righthand": {
			"rotation": [-46.75, -91, 0],
			"translation": [0, 8.5, 1.5],
			"scale": [1.5, 1.5, 0.75]
		},
		"thirdperson_lefthand": {
			"rotation": [-135, -90, 0],
			"translation": [0, -13.25, 1.5],
			"scale": [1.5, 1.5, 1]
		},
		"firstperson_righthand": {
			"rotation": [-31.5, -87, 3],
			"translation": [3.25, 3.5, -2.25],
			"scale": [1.25, 1.25, 0.8]
		},
		"firstperson_lefthand": {
			"rotation": [108.29, -16.98, -84.12],
			"translation": [6, 0, 0],
			"scale": [1.25, 1.25, 1]
		},
		"ground": {
			"rotation": [90, 0, 0],
			"scale": [2, 2, 1]
		},
		"gui": {
			"scale": [1.5, 1.5, 1]
		},
		"head": {
			"rotation": [0, 0, -180],
			"translation": [0, -14.25, 6.5],
			"scale": [2, 2, 1]
		},
		"fixed": {
			"rotation": [0, 0, 90]
		}
	}
}