{
	"credit": "Made with Blockbench",
	"parent": "item/handheld",
	"textures": {
		"layer0": "items/0020"
	},
	"display": {
		"thirdperson_righthand": {
			"scale": [0, 0, 0]
		},
		"thirdperson_lefthand": {
			"scale": [0, 0, 0]
		},
		"firstperson_righthand": {
			"scale": [0, 0, 0]
		},
		"firstperson_lefthand": {
			"scale": [0, 0, 0]
		},
		"gui": {
			"scale": [1.13, 1.13, 1.13]
		},
		"head": {
			"translation": [0, 0, -7.25],
			"scale": [1, 0.2, 1]
		},
		"fixed": {
			"scale": [1.25, 1.25, 1.25]
		}
	}
}