{
	"credit": "Made with Blockbench",
	"parent": "item/handheld",
	"textures": {
		"layer0": "items/0300"
	},
	"display": {
		"thirdperson_righthand": {
			"rotation": [0, -90, 45],
			"translation": [-0.5, 1.25, 0.5],
			"scale": [0.6, 0.6, 1]
		},
		"thirdperson_lefthand": {
			"rotation": [-45, 90, 0],
			"translation": [-0.5, 1.25, 0.5],
			"scale": [0.6, 0.6, 1]
		},
		"firstperson_righthand": {
			"rotation": [170, -75, -150],
			"translation": [3, 3.25, 0],
			"scale": [0.6, 0.6, 1]
		},
		"firstperson_lefthand": {
			"rotation": [-44.17, 80.98, 9.49],
			"translation": [2.5, 3.25, 0],
			"scale": [0.6, 0.6, 1]
		}
	}
}