{
	"credit": "Made with Blockbench",
	"parent": "item/handheld",
	"textures": {
		"layer0": "items/prismarine_crystals"
	},
	"display": {
		"thirdperson_righthand": {
			"rotation": [0, 90, 0],
			"scale": [0.25, 0.25, 0.25]
		},
		"thirdperson_lefthand": {
			"scale": [0.25, 0.25, 0.25]
		},
		"firstperson_righthand": {
			"rotation": [0, -50, 0],
			"translation": [0, 2, 0],
			"scale": [0.25, 0.25, 0.224]
		},
		"firstperson_lefthand": {
			"rotation": [0, -50, 0],
			"translation": [0, 2, 0],
			"scale": [-0.25, 0.25, 0.25]
		},
		"ground": {
			"rotation": [0, 0, 45],
			"translation": [0, -0.2, 0],
			"scale": [0.25, 0.25, 0.25]
		},
		"gui": {
			"scale": [0.5, 0.5, 1]
		},
		"head": {
			"rotation": [-90, 0, 0],
			"translation": [0, -4.25, 0],
			"scale": [0.25, 0.25, 0.25]
		},
		"fixed": {
			"rotation": [0, -180, 0],
			"scale": [0.5, 0.5, 1]
		}
	}
}