{
	"credit": "Made with Blockbench",
	"textures": {
		"0": "items/1357",
		"particle": "items/1357"
	},
	"elements": [
		{
			"name": "1357_0",
			"from": [15, 0, 0.5],
			"to": [16, 0.5, 1],
			"faces": {
				"north": {"uv": [16, 0.5, 15, 1], "texture": "#0"},
				"east": {"uv": [15.5, 0.5, 16, 1], "rotation": 90, "texture": "#0"},
				"south": {"uv": [15, 0.5, 16, 1], "texture": "#0"},
				"west": {"uv": [15, 0.5, 15.5, 1], "rotation": 270, "texture": "#0"},
				"up": {"uv": [15, 0.5, 16, 1], "texture": "#0"},
				"down": {"uv": [15, 1, 16, 0.5], "texture": "#0"}
			}
		},
		{
			"name": "1357_1",
			"from": [14, 0, 1],
			"to": [15, 0.5, 1.5],
			"faces": {
				"north": {"uv": [15, 1, 14, 1.5], "texture": "#0"},
				"east": {"uv": [14.5, 1, 15, 1.5], "rotation": 90, "texture": "#0"},
				"south": {"uv": [14, 1, 15, 1.5], "texture": "#0"},
				"west": {"uv": [14, 1, 14.5, 1.5], "rotation": 270, "texture": "#0"},
				"up": {"uv": [14, 1, 15, 1.5], "texture": "#0"},
				"down": {"uv": [14, 1.5, 15, 1], "texture": "#0"}
			}
		},
		{
			"name": "1357_2",
			"from": [15.5, 0, 1],
			"to": [16, 0.5, 2],
			"faces": {
				"north": {"uv": [16, 1, 15.5, 1.5], "texture": "#0"},
				"east": {"uv": [15.5, 1, 16, 2], "rotation": 90, "texture": "#0"},
				"south": {"uv": [15.5, 1.5, 16, 2], "texture": "#0"},
				"west": {"uv": [15.5, 1, 16, 2], "rotation": 270, "texture": "#0"},
				"up": {"uv": [15.5, 1, 16, 2], "texture": "#0"},
				"down": {"uv": [15.5, 2, 16, 1], "texture": "#0"}
			}
		},
		{
			"name": "1357_3",
			"from": [14, 0, 1.5],
			"to": [14.5, 0.5, 2],
			"faces": {
				"north": {"uv": [14.5, 1.5, 14, 2], "texture": "#0"},
				"east": {"uv": [14, 1.5, 14.5, 2], "rotation": 90, "texture": "#0"},
				"south": {"uv": [14, 1.5, 14.5, 2], "texture": "#0"},
				"west": {"uv": [14, 1.5, 14.5, 2], "rotation": 270, "texture": "#0"},
				"up": {"uv": [14, 1.5, 14.5, 2], "texture": "#0"},
				"down": {"uv": [14, 2, 14.5, 1.5], "texture": "#0"}
			}
		},
		{
			"name": "1357_4",
			"from": [13.5, 0, 2],
			"to": [14, 0.5, 2.5],
			"faces": {
				"north": {"uv": [14, 2, 13.5, 2.5], "texture": "#0"},
				"east": {"uv": [13.5, 2, 14, 2.5], "rotation": 90, "texture": "#0"},
				"south": {"uv": [13.5, 2, 14, 2.5], "texture": "#0"},
				"west": {"uv": [13.5, 2, 14, 2.5], "rotation": 270, "texture": "#0"},
				"up": {"uv": [13.5, 2, 14, 2.5], "texture": "#0"},
				"down": {"uv": [13.5, 2.5, 14, 2], "texture": "#0"}
			}
		},
		{
			"name": "1357_5",
			"from": [13, 0, 2.5],
			"to": [13.5, 0.5, 3],
			"rotation": {"angle": 0, "axis": "y", "origin": [7.5, 8, 8.5]},
			"faces": {
				"north": {"uv": [14, 2, 13.5, 2.5], "texture": "#0"},
				"east": {"uv": [13.5, 2, 14, 2.5], "rotation": 90, "texture": "#0"},
				"south": {"uv": [13.5, 2, 14, 2.5], "texture": "#0"},
				"west": {"uv": [13.5, 2, 14, 2.5], "rotation": 270, "texture": "#0"},
				"up": {"uv": [13.5, 2, 14, 2.5], "texture": "#0"},
				"down": {"uv": [13.5, 2.5, 14, 2], "texture": "#0"}
			}
		},
		{
			"name": "1367_6",
			"from": [12, 0, 3.5],
			"to": [12.5, 0.5, 4],
			"rotation": {"angle": 0, "axis": "y", "origin": [6.5, 8, 9.5]},
			"faces": {
				"north": {"uv": [14, 2, 13.5, 2.5], "texture": "#0"},
				"east": {"uv": [13.5, 2, 14, 2.5], "rotation": 90, "texture": "#0"},
				"south": {"uv": [13.5, 2, 14, 2.5], "texture": "#0"},
				"west": {"uv": [13.5, 2, 14, 2.5], "rotation": 270, "texture": "#0"},
				"up": {"uv": [13.5, 2, 14, 2.5], "texture": "#0"},
				"down": {"uv": [13.5, 2.5, 14, 2], "texture": "#0"}
			}
		},
		{
			"name": "1377_7",
			"from": [12.5, 0, 3],
			"to": [13, 0.5, 3.5],
			"rotation": {"angle": 0, "axis": "y", "origin": [7, 8, 9]},
			"faces": {
				"north": {"uv": [14, 2, 13.5, 2.5], "texture": "#0"},
				"east": {"uv": [13.5, 2, 14, 2.5], "rotation": 90, "texture": "#0"},
				"south": {"uv": [13.5, 2, 14, 2.5], "texture": "#0"},
				"west": {"uv": [13.5, 2, 14, 2.5], "rotation": 270, "texture": "#0"},
				"up": {"uv": [13.5, 2, 14, 2.5], "texture": "#0"},
				"down": {"uv": [13.5, 2.5, 14, 2], "texture": "#0"}
			}
		},
		{
			"name": "1357_49",
			"from": [15, 0, 2],
			"to": [15.5, 0.5, 2.5],
			"faces": {
				"north": {"uv": [15.5, 2, 15, 2.5], "texture": "#0"},
				"east": {"uv": [15, 2, 15.5, 2.5], "rotation": 90, "texture": "#0"},
				"south": {"uv": [15, 2, 15.5, 2.5], "texture": "#0"},
				"west": {"uv": [15, 2, 15.5, 2.5], "rotation": 270, "texture": "#0"},
				"up": {"uv": [15, 2, 15.5, 2.5], "texture": "#0"},
				"down": {"uv": [15, 2.5, 15.5, 2], "texture": "#0"}
			}
		},
		{
			"name": "1367_8",
			"from": [14.5, 0, 1.5],
			"to": [15, 0.5, 2],
			"rotation": {"angle": 0, "axis": "y", "origin": [7.5, 8, 7.5]},
			"faces": {
				"north": {"uv": [15.5, 2, 15, 2.5], "texture": "#0"},
				"east": {"uv": [14, 2, 14.5, 2.5], "rotation": 90, "texture": "#0"},
				"south": {"uv": [14, 2, 14.5, 2.5], "texture": "#0"},
				"west": {"uv": [15, 2, 15.5, 2.5], "rotation": 270, "texture": "#0"},
				"up": {"uv": [14, 2, 14.5, 2.5], "texture": "#0"},
				"down": {"uv": [14, 2.5, 14.5, 2], "texture": "#0"}
			}
		},
		{
			"name": "1367_48",
			"from": [14, 0, 2],
			"to": [14.5, 0.5, 2.5],
			"rotation": {"angle": 0, "axis": "y", "origin": [7, 8, 8]},
			"faces": {
				"north": {"uv": [15.5, 2, 15, 2.5], "texture": "#0"},
				"east": {"uv": [14, 2, 14.5, 2.5], "rotation": 90, "texture": "#0"},
				"south": {"uv": [14, 2, 14.5, 2.5], "texture": "#0"},
				"west": {"uv": [15, 2, 15.5, 2.5], "rotation": 270, "texture": "#0"},
				"up": {"uv": [14, 2, 14.5, 2.5], "texture": "#0"},
				"down": {"uv": [14, 2.5, 14.5, 2], "texture": "#0"}
			}
		},
		{
			"name": "1367_47",
			"from": [15, 0, 1],
			"to": [15.5, 0.5, 1.5],
			"rotation": {"angle": 0, "axis": "y", "origin": [8, 8, 7]},
			"faces": {
				"north": {"uv": [15.5, 2, 15, 2.5], "texture": "#0"},
				"east": {"uv": [14, 2, 14.5, 2.5], "rotation": 90, "texture": "#0"},
				"south": {"uv": [14, 2, 14.5, 2.5], "texture": "#0"},
				"west": {"uv": [15, 2, 15.5, 2.5], "rotation": 270, "texture": "#0"},
				"up": {"uv": [14, 2, 14.5, 2.5], "texture": "#0"},
				"down": {"uv": [14, 2.5, 14.5, 2], "texture": "#0"}
			}
		},
		{
			"name": "1377_9",
			"from": [13.5, 0, 2.5],
			"to": [14, 0.5, 3],
			"rotation": {"angle": 0, "axis": "y", "origin": [6.5, 8, 8.5]},
			"faces": {
				"north": {"uv": [15.5, 2, 15, 2.5], "texture": "#0"},
				"east": {"uv": [14, 2, 14.5, 2.5], "rotation": 90, "texture": "#0"},
				"south": {"uv": [14, 2, 14.5, 2.5], "texture": "#0"},
				"west": {"uv": [15, 2, 15.5, 2.5], "rotation": 270, "texture": "#0"},
				"up": {"uv": [14, 2, 14.5, 2.5], "texture": "#0"},
				"down": {"uv": [14, 2.5, 14.5, 2], "texture": "#0"}
			}
		},
		{
			"name": "1357_10",
			"from": [13, 0, 3],
			"to": [13.5, 0.5, 4],
			"faces": {
				"north": {"uv": [13.5, 3, 13, 3.5], "texture": "#0"},
				"east": {"uv": [13, 3, 13.5, 4], "rotation": 90, "texture": "#0"},
				"south": {"uv": [13, 3.5, 13.5, 4], "texture": "#0"},
				"west": {"uv": [13, 3, 13.5, 4], "rotation": 270, "texture": "#0"},
				"up": {"uv": [13, 3, 13.5, 4], "texture": "#0"},
				"down": {"uv": [13, 4, 13.5, 3], "texture": "#0"}
			}
		},
		{
			"name": "1357_11",
			"from": [10.5, 0, 3.5],
			"to": [11.5, 0.5, 6.5],
			"faces": {
				"north": {"uv": [11.5, 3.5, 10.5, 4], "texture": "#0"},
				"east": {"uv": [11, 3.5, 11.5, 6.5], "rotation": 90, "texture": "#0"},
				"south": {"uv": [10.5, 6, 11.5, 6.5], "texture": "#0"},
				"west": {"uv": [10.5, 3.5, 11, 6.5], "rotation": 270, "texture": "#0"},
				"up": {"uv": [10.5, 3.5, 11.5, 6.5], "texture": "#0"},
				"down": {"uv": [10.5, 6.5, 11.5, 3.5], "texture": "#0"}
			}
		},
		{
			"name": "1357_12",
			"from": [12.5, 0, 3.5],
			"to": [13, 0.5, 5.5],
			"faces": {
				"north": {"uv": [13, 3.5, 12.5, 4], "texture": "#0"},
				"east": {"uv": [12.5, 3.5, 13, 5.5], "rotation": 90, "texture": "#0"},
				"south": {"uv": [12.5, 5, 13, 5.5], "texture": "#0"},
				"west": {"uv": [12.5, 3.5, 13, 5.5], "rotation": 270, "texture": "#0"},
				"up": {"uv": [12.5, 3.5, 13, 5.5], "texture": "#0"},
				"down": {"uv": [12.5, 5.5, 13, 3.5], "texture": "#0"}
			}
		},
		{
			"name": "1357_13",
			"from": [8, 0, 4],
			"to": [10.5, 0.5, 4.5],
			"faces": {
				"north": {"uv": [10.5, 4, 8, 4.5], "texture": "#0"},
				"east": {"uv": [10, 4, 10.5, 4.5], "rotation": 90, "texture": "#0"},
				"south": {"uv": [8, 4, 10.5, 4.5], "texture": "#0"},
				"west": {"uv": [8, 4, 8.5, 4.5], "rotation": 270, "texture": "#0"},
				"up": {"uv": [8, 4, 10.5, 4.5], "texture": "#0"},
				"down": {"uv": [8, 4.5, 10.5, 4], "texture": "#0"}
			}
		},
		{
			"name": "1357_14",
			"from": [11.5, 0, 4],
			"to": [12.5, 0.5, 6],
			"faces": {
				"north": {"uv": [12.5, 4, 11.5, 4.5], "texture": "#0"},
				"east": {"uv": [12, 4, 12.5, 6], "rotation": 90, "texture": "#0"},
				"south": {"uv": [11.5, 5.5, 12.5, 6], "texture": "#0"},
				"west": {"uv": [11.5, 4, 12, 6], "rotation": 270, "texture": "#0"},
				"up": {"uv": [11.5, 4, 12.5, 6], "texture": "#0"},
				"down": {"uv": [11.5, 6, 12.5, 4], "texture": "#0"}
			}
		},
		{
			"name": "1357_15",
			"from": [7.5, 0, 4.5],
			"to": [8.5, 0.5, 5],
			"faces": {
				"north": {"uv": [8.5, 4.5, 7.5, 5], "texture": "#0"},
				"east": {"uv": [8, 4.5, 8.5, 5], "rotation": 90, "texture": "#0"},
				"south": {"uv": [7.5, 4.5, 8.5, 5], "texture": "#0"},
				"west": {"uv": [7.5, 4.5, 8, 5], "rotation": 270, "texture": "#0"},
				"up": {"uv": [7.5, 4.5, 8.5, 5], "texture": "#0"},
				"down": {"uv": [7.5, 5, 8.5, 4.5], "texture": "#0"}
			}
		},
		{
			"name": "1357_16",
			"from": [9, 0, 4.5],
			"to": [10.5, 0.5, 5],
			"faces": {
				"north": {"uv": [10.5, 4.5, 9, 5], "texture": "#0"},
				"east": {"uv": [10, 4.5, 10.5, 5], "rotation": 90, "texture": "#0"},
				"south": {"uv": [9, 4.5, 10.5, 5], "texture": "#0"},
				"west": {"uv": [9, 4.5, 9.5, 5], "rotation": 270, "texture": "#0"},
				"up": {"uv": [9, 4.5, 10.5, 5], "texture": "#0"},
				"down": {"uv": [9, 5, 10.5, 4.5], "texture": "#0"}
			}
		},
		{
			"name": "1357_17",
			"from": [7, 0, 5],
			"to": [8, 0.5, 5.5],
			"faces": {
				"north": {"uv": [8, 5, 7, 5.5], "texture": "#0"},
				"east": {"uv": [7.5, 5, 8, 5.5], "rotation": 90, "texture": "#0"},
				"south": {"uv": [7, 5, 8, 5.5], "texture": "#0"},
				"west": {"uv": [7, 5, 7.5, 5.5], "rotation": 270, "texture": "#0"},
				"up": {"uv": [7, 5, 8, 5.5], "texture": "#0"},
				"down": {"uv": [7, 5.5, 8, 5], "texture": "#0"}
			}
		},
		{
			"name": "1357_18",
			"from": [9.5, 0, 5],
			"to": [10.5, 0.5, 7.5],
			"faces": {
				"north": {"uv": [10.5, 5, 9.5, 5.5], "texture": "#0"},
				"east": {"uv": [10, 5, 10.5, 7.5], "rotation": 90, "texture": "#0"},
				"south": {"uv": [9.5, 7, 10.5, 7.5], "texture": "#0"},
				"west": {"uv": [9.5, 5, 10, 7.5], "rotation": 270, "texture": "#0"},
				"up": {"uv": [9.5, 5, 10.5, 7.5], "texture": "#0"},
				"down": {"uv": [9.5, 7.5, 10.5, 5], "texture": "#0"}
			}
		},
		{
			"name": "1357_19",
			"from": [6.5, 0, 5.5],
			"to": [7.5, 0.5, 6],
			"faces": {
				"north": {"uv": [7.5, 5.5, 6.5, 6], "texture": "#0"},
				"east": {"uv": [7, 5.5, 7.5, 6], "rotation": 90, "texture": "#0"},
				"south": {"uv": [6.5, 5.5, 7.5, 6], "texture": "#0"},
				"west": {"uv": [6.5, 5.5, 7, 6], "rotation": 270, "texture": "#0"},
				"up": {"uv": [6.5, 5.5, 7.5, 6], "texture": "#0"},
				"down": {"uv": [6.5, 6, 7.5, 5.5], "texture": "#0"}
			}
		},
		{
			"name": "1357_20",
			"from": [9, 0, 5.5],
			"to": [9.5, 0.5, 8.5],
			"faces": {
				"north": {"uv": [9.5, 5.5, 9, 6], "texture": "#0"},
				"east": {"uv": [9, 5.5, 9.5, 8.5], "rotation": 90, "texture": "#0"},
				"south": {"uv": [9, 8, 9.5, 8.5], "texture": "#0"},
				"west": {"uv": [9, 5.5, 9.5, 8.5], "rotation": 270, "texture": "#0"},
				"up": {"uv": [9, 5.5, 9.5, 8.5], "texture": "#0"},
				"down": {"uv": [9, 8.5, 9.5, 5.5], "texture": "#0"}
			}
		},
		{
			"name": "1357_21",
			"from": [6.5, 0, 6],
			"to": [7, 0.5, 7],
			"faces": {
				"north": {"uv": [7, 6, 6.5, 6.5], "texture": "#0"},
				"east": {"uv": [6.5, 6, 7, 7], "rotation": 90, "texture": "#0"},
				"south": {"uv": [6.5, 6.5, 7, 7], "texture": "#0"},
				"west": {"uv": [6.5, 6, 7, 7], "rotation": 270, "texture": "#0"},
				"up": {"uv": [6.5, 6, 7, 7], "texture": "#0"},
				"down": {"uv": [6.5, 7, 7, 6], "texture": "#0"}
			}
		},
		{
			"name": "1357_22",
			"from": [8.5, 0, 6],
			"to": [9, 0.5, 9],
			"faces": {
				"north": {"uv": [9, 6, 8.5, 6.5], "texture": "#0"},
				"east": {"uv": [8.5, 6, 9, 9], "rotation": 90, "texture": "#0"},
				"south": {"uv": [8.5, 8.5, 9, 9], "texture": "#0"},
				"west": {"uv": [8.5, 6, 9, 9], "rotation": 270, "texture": "#0"},
				"up": {"uv": [8.5, 6, 9, 9], "texture": "#0"},
				"down": {"uv": [8.5, 9, 9, 6], "texture": "#0"}
			}
		},
		{
			"name": "1357_23",
			"from": [6, 0, 6.5],
			"to": [6.5, 0.5, 11],
			"faces": {
				"north": {"uv": [6.5, 6.5, 6, 7], "texture": "#0"},
				"east": {"uv": [6, 6.5, 6.5, 11], "rotation": 90, "texture": "#0"},
				"south": {"uv": [6, 10.5, 6.5, 11], "texture": "#0"},
				"west": {"uv": [6, 6.5, 6.5, 11], "rotation": 270, "texture": "#0"},
				"up": {"uv": [6, 6.5, 6.5, 11], "texture": "#0"},
				"down": {"uv": [6, 11, 6.5, 6.5], "texture": "#0"}
			}
		},
		{
			"name": "1357_24",
			"from": [8, 0, 6.5],
			"to": [8.5, 0.5, 9],
			"faces": {
				"north": {"uv": [8.5, 6.5, 8, 7], "texture": "#0"},
				"east": {"uv": [8, 6.5, 8.5, 9], "rotation": 90, "texture": "#0"},
				"south": {"uv": [8, 8.5, 8.5, 9], "texture": "#0"},
				"west": {"uv": [8, 6.5, 8.5, 9], "rotation": 270, "texture": "#0"},
				"up": {"uv": [8, 6.5, 8.5, 9], "texture": "#0"},
				"down": {"uv": [8, 9, 8.5, 6.5], "texture": "#0"}
			}
		},
		{
			"name": "1357_25",
			"from": [10.5, 0, 6.5],
			"to": [11, 0.5, 7],
			"faces": {
				"north": {"uv": [11, 6.5, 10.5, 7], "texture": "#0"},
				"east": {"uv": [10.5, 6.5, 11, 7], "rotation": 90, "texture": "#0"},
				"south": {"uv": [10.5, 6.5, 11, 7], "texture": "#0"},
				"west": {"uv": [10.5, 6.5, 11, 7], "rotation": 270, "texture": "#0"},
				"up": {"uv": [10.5, 6.5, 11, 7], "texture": "#0"},
				"down": {"uv": [10.5, 7, 11, 6.5], "texture": "#0"}
			}
		},
		{
			"name": "1357_26",
			"from": [7.5, 0, 7],
			"to": [8, 0.5, 9.5],
			"faces": {
				"north": {"uv": [8, 7, 7.5, 7.5], "texture": "#0"},
				"east": {"uv": [7.5, 7, 8, 9.5], "rotation": 90, "texture": "#0"},
				"south": {"uv": [7.5, 9, 8, 9.5], "texture": "#0"},
				"west": {"uv": [7.5, 7, 8, 9.5], "rotation": 270, "texture": "#0"},
				"up": {"uv": [7.5, 7, 8, 9.5], "texture": "#0"},
				"down": {"uv": [7.5, 9.5, 8, 7], "texture": "#0"}
			}
		},
		{
			"name": "1357_27",
			"from": [7, 0, 7.5],
			"to": [7.5, 0.5, 10],
			"faces": {
				"north": {"uv": [7.5, 7.5, 7, 8], "texture": "#0"},
				"east": {"uv": [7, 7.5, 7.5, 10], "rotation": 90, "texture": "#0"},
				"south": {"uv": [7, 9.5, 7.5, 10], "texture": "#0"},
				"west": {"uv": [7, 7.5, 7.5, 10], "rotation": 270, "texture": "#0"},
				"up": {"uv": [7, 7.5, 7.5, 10], "texture": "#0"},
				"down": {"uv": [7, 10, 7.5, 7.5], "texture": "#0"}
			}
		},
		{
			"name": "1357_28",
			"from": [9.5, 0, 7.5],
			"to": [10, 0.5, 8],
			"faces": {
				"north": {"uv": [10, 7.5, 9.5, 8], "texture": "#0"},
				"east": {"uv": [9.5, 7.5, 10, 8], "rotation": 90, "texture": "#0"},
				"south": {"uv": [9.5, 7.5, 10, 8], "texture": "#0"},
				"west": {"uv": [9.5, 7.5, 10, 8], "rotation": 270, "texture": "#0"},
				"up": {"uv": [9.5, 7.5, 10, 8], "texture": "#0"},
				"down": {"uv": [9.5, 8, 10, 7.5], "texture": "#0"}
			}
		},
		{
			"name": "1357_29",
			"from": [6.5, 0, 8],
			"to": [7, 0.5, 11],
			"faces": {
				"north": {"uv": [7, 8, 6.5, 8.5], "texture": "#0"},
				"east": {"uv": [6.5, 8, 7, 11], "rotation": 90, "texture": "#0"},
				"south": {"uv": [6.5, 10.5, 7, 11], "texture": "#0"},
				"west": {"uv": [6.5, 8, 7, 11], "rotation": 270, "texture": "#0"},
				"up": {"uv": [6.5, 8, 7, 11], "texture": "#0"},
				"down": {"uv": [6.5, 11, 7, 8], "texture": "#0"}
			}
		},
		{
			"name": "1357_30",
			"from": [5, 0, 9],
			"to": [6, 0.5, 11.5],
			"faces": {
				"north": {"uv": [6, 9, 5, 9.5], "texture": "#0"},
				"east": {"uv": [5.5, 9, 6, 11.5], "rotation": 90, "texture": "#0"},
				"south": {"uv": [5, 11, 6, 11.5], "texture": "#0"},
				"west": {"uv": [5, 9, 5.5, 11.5], "rotation": 270, "texture": "#0"},
				"up": {"uv": [5, 9, 6, 11.5], "texture": "#0"},
				"down": {"uv": [5, 11.5, 6, 9], "texture": "#0"}
			}
		},
		{
			"name": "1357_31",
			"from": [4.5, 0, 9.5],
			"to": [5, 0.5, 12.5],
			"faces": {
				"north": {"uv": [5, 9.5, 4.5, 10], "texture": "#0"},
				"east": {"uv": [4.5, 9.5, 5, 12.5], "rotation": 90, "texture": "#0"},
				"south": {"uv": [4.5, 12, 5, 12.5], "texture": "#0"},
				"west": {"uv": [4.5, 9.5, 5, 12.5], "rotation": 270, "texture": "#0"},
				"up": {"uv": [4.5, 9.5, 5, 12.5], "texture": "#0"},
				"down": {"uv": [4.5, 12.5, 5, 9.5], "texture": "#0"}
			}
		},
		{
			"name": "1357_32",
			"from": [4, 0, 10],
			"to": [4.5, 0.5, 13],
			"faces": {
				"north": {"uv": [4.5, 10, 4, 10.5], "texture": "#0"},
				"east": {"uv": [4, 10, 4.5, 13], "rotation": 90, "texture": "#0"},
				"south": {"uv": [4, 12.5, 4.5, 13], "texture": "#0"},
				"west": {"uv": [4, 10, 4.5, 13], "rotation": 270, "texture": "#0"},
				"up": {"uv": [4, 10, 4.5, 13], "texture": "#0"},
				"down": {"uv": [4, 13, 4.5, 10], "texture": "#0"}
			}
		},
		{
			"name": "1357_33",
			"from": [3.5, 0, 10.5],
			"to": [4, 0.5, 13],
			"faces": {
				"north": {"uv": [4, 10.5, 3.5, 11], "texture": "#0"},
				"east": {"uv": [3.5, 10.5, 4, 13], "rotation": 90, "texture": "#0"},
				"south": {"uv": [3.5, 12.5, 4, 13], "texture": "#0"},
				"west": {"uv": [3.5, 10.5, 4, 13], "rotation": 270, "texture": "#0"},
				"up": {"uv": [3.5, 10.5, 4, 13], "texture": "#0"},
				"down": {"uv": [3.5, 13, 4, 10.5], "texture": "#0"}
			}
		},
		{
			"name": "1357_34",
			"from": [7, 0, 10.5],
			"to": [7.5, 0.5, 12],
			"faces": {
				"north": {"uv": [7.5, 10.5, 7, 11], "texture": "#0"},
				"east": {"uv": [7, 10.5, 7.5, 12], "rotation": 90, "texture": "#0"},
				"south": {"uv": [7, 11.5, 7.5, 12], "texture": "#0"},
				"west": {"uv": [7, 10.5, 7.5, 12], "rotation": 270, "texture": "#0"},
				"up": {"uv": [7, 10.5, 7.5, 12], "texture": "#0"},
				"down": {"uv": [7, 12, 7.5, 10.5], "texture": "#0"}
			}
		},
		{
			"name": "1357_35",
			"from": [3, 0, 11],
			"to": [3.5, 0.5, 13.5],
			"faces": {
				"north": {"uv": [3.5, 11, 3, 11.5], "texture": "#0"},
				"east": {"uv": [3, 11, 3.5, 13.5], "rotation": 90, "texture": "#0"},
				"south": {"uv": [3, 13, 3.5, 13.5], "texture": "#0"},
				"west": {"uv": [3, 11, 3.5, 13.5], "rotation": 270, "texture": "#0"},
				"up": {"uv": [3, 11, 3.5, 13.5], "texture": "#0"},
				"down": {"uv": [3, 13.5, 3.5, 11], "texture": "#0"}
			}
		},
		{
			"name": "1357_36",
			"from": [2.5, 0, 11.5],
			"to": [3, 0.5, 14],
			"faces": {
				"north": {"uv": [3, 11.5, 2.5, 12], "texture": "#0"},
				"east": {"uv": [2.5, 11.5, 3, 14], "rotation": 90, "texture": "#0"},
				"south": {"uv": [2.5, 13.5, 3, 14], "texture": "#0"},
				"west": {"uv": [2.5, 11.5, 3, 14], "rotation": 270, "texture": "#0"},
				"up": {"uv": [2.5, 11.5, 3, 14], "texture": "#0"},
				"down": {"uv": [2.5, 14, 3, 11.5], "texture": "#0"}
			}
		},
		{
			"name": "1357_37",
			"from": [5, 0, 11.5],
			"to": [5.5, 0.5, 12],
			"faces": {
				"north": {"uv": [5.5, 11.5, 5, 12], "texture": "#0"},
				"east": {"uv": [5, 11.5, 5.5, 12], "rotation": 90, "texture": "#0"},
				"south": {"uv": [5, 11.5, 5.5, 12], "texture": "#0"},
				"west": {"uv": [5, 11.5, 5.5, 12], "rotation": 270, "texture": "#0"},
				"up": {"uv": [5, 11.5, 5.5, 12], "texture": "#0"},
				"down": {"uv": [5, 12, 5.5, 11.5], "texture": "#0"}
			}
		},
		{
			"name": "1357_38",
			"from": [7.5, 0, 11.5],
			"to": [8, 0.5, 12.5],
			"faces": {
				"north": {"uv": [8, 11.5, 7.5, 12], "texture": "#0"},
				"east": {"uv": [7.5, 11.5, 8, 12.5], "rotation": 90, "texture": "#0"},
				"south": {"uv": [7.5, 12, 8, 12.5], "texture": "#0"},
				"west": {"uv": [7.5, 11.5, 8, 12.5], "rotation": 270, "texture": "#0"},
				"up": {"uv": [7.5, 11.5, 8, 12.5], "texture": "#0"},
				"down": {"uv": [7.5, 12.5, 8, 11.5], "texture": "#0"}
			}
		},
		{
			"name": "1357_39",
			"from": [1.5, 0, 12],
			"to": [2.5, 0.5, 14.5],
			"faces": {
				"north": {"uv": [2.5, 12, 1.5, 12.5], "texture": "#0"},
				"east": {"uv": [2, 12, 2.5, 14.5], "rotation": 90, "texture": "#0"},
				"south": {"uv": [1.5, 14, 2.5, 14.5], "texture": "#0"},
				"west": {"uv": [1.5, 12, 2, 14.5], "rotation": 270, "texture": "#0"},
				"up": {"uv": [1.5, 12, 2.5, 14.5], "texture": "#0"},
				"down": {"uv": [1.5, 14.5, 2.5, 12], "texture": "#0"}
			}
		},
		{
			"name": "1357_40",
			"from": [8, 0, 12],
			"to": [8.5, 0.5, 13],
			"faces": {
				"north": {"uv": [8.5, 12, 8, 12.5], "texture": "#0"},
				"east": {"uv": [8, 12, 8.5, 13], "rotation": 90, "texture": "#0"},
				"south": {"uv": [8, 12.5, 8.5, 13], "texture": "#0"},
				"west": {"uv": [8, 12, 8.5, 13], "rotation": 270, "texture": "#0"},
				"up": {"uv": [8, 12, 8.5, 13], "texture": "#0"},
				"down": {"uv": [8, 13, 8.5, 12], "texture": "#0"}
			}
		},
		{
			"name": "1357_41",
			"from": [1, 0, 12.5],
			"to": [1.5, 0.5, 15],
			"faces": {
				"north": {"uv": [1.5, 12.5, 1, 13], "texture": "#0"},
				"east": {"uv": [1, 12.5, 1.5, 15], "rotation": 90, "texture": "#0"},
				"south": {"uv": [1, 14.5, 1.5, 15], "texture": "#0"},
				"west": {"uv": [1, 12.5, 1.5, 15], "rotation": 270, "texture": "#0"},
				"up": {"uv": [1, 12.5, 1.5, 15], "texture": "#0"},
				"down": {"uv": [1, 15, 1.5, 12.5], "texture": "#0"}
			}
		},
		{
			"name": "1357_42",
			"from": [0.5, 0, 13],
			"to": [1, 0.5, 15],
			"faces": {
				"north": {"uv": [1, 13, 0.5, 13.5], "texture": "#0"},
				"east": {"uv": [0.5, 13, 1, 15], "rotation": 90, "texture": "#0"},
				"south": {"uv": [0.5, 14.5, 1, 15], "texture": "#0"},
				"west": {"uv": [0.5, 13, 1, 15], "rotation": 270, "texture": "#0"},
				"up": {"uv": [0.5, 13, 1, 15], "texture": "#0"},
				"down": {"uv": [0.5, 15, 1, 13], "texture": "#0"}
			}
		},
		{
			"name": "1357_43",
			"from": [8.5, 0, 13],
			"to": [9.5, 0.5, 14],
			"faces": {
				"north": {"uv": [9.5, 13, 8.5, 13.5], "texture": "#0"},
				"east": {"uv": [9, 13, 9.5, 14], "rotation": 90, "texture": "#0"},
				"south": {"uv": [8.5, 13.5, 9.5, 14], "texture": "#0"},
				"west": {"uv": [8.5, 13, 9, 14], "rotation": 270, "texture": "#0"},
				"up": {"uv": [8.5, 13, 9.5, 14], "texture": "#0"},
				"down": {"uv": [8.5, 14, 9.5, 13], "texture": "#0"}
			}
		},
		{
			"name": "1357_44",
			"from": [0, 0, 13.5],
			"to": [0.5, 0.5, 15],
			"faces": {
				"north": {"uv": [0.5, 13.5, 0, 14], "texture": "#0"},
				"east": {"uv": [0, 13.5, 0.5, 15], "rotation": 90, "texture": "#0"},
				"south": {"uv": [0, 14.5, 0.5, 15], "texture": "#0"},
				"west": {"uv": [0, 13.5, 0.5, 15], "rotation": 270, "texture": "#0"},
				"up": {"uv": [0, 13.5, 0.5, 15], "texture": "#0"},
				"down": {"uv": [0, 15, 0.5, 13.5], "texture": "#0"}
			}
		},
		{
			"name": "1357_45",
			"from": [9.5, 0, 13.5],
			"to": [10, 0.5, 14.5],
			"faces": {
				"north": {"uv": [10, 13.5, 9.5, 14], "texture": "#0"},
				"east": {"uv": [9.5, 13.5, 10, 14.5], "rotation": 90, "texture": "#0"},
				"south": {"uv": [9.5, 14, 10, 14.5], "texture": "#0"},
				"west": {"uv": [9.5, 13.5, 10, 14.5], "rotation": 270, "texture": "#0"},
				"up": {"uv": [9.5, 13.5, 10, 14.5], "texture": "#0"},
				"down": {"uv": [9.5, 14.5, 10, 13.5], "texture": "#0"}
			}
		},
		{
			"name": "1357_46",
			"from": [9, 0, 14],
			"to": [9.5, 0.5, 14.5],
			"faces": {
				"north": {"uv": [9.5, 14, 9, 14.5], "texture": "#0"},
				"east": {"uv": [9, 14, 9.5, 14.5], "rotation": 90, "texture": "#0"},
				"south": {"uv": [9, 14, 9.5, 14.5], "texture": "#0"},
				"west": {"uv": [9, 14, 9.5, 14.5], "rotation": 270, "texture": "#0"},
				"up": {"uv": [9, 14, 9.5, 14.5], "texture": "#0"},
				"down": {"uv": [9, 14.5, 9.5, 14], "texture": "#0"}
			}
		}
	],
	"display": {
		"thirdperson_righthand": {
			"rotation": [152, 0, -90],
			"translation": [15.5, -4.75, 0.75],
			"scale": [1.25, 2, 1.25]
		},
		"thirdperson_lefthand": {
			"rotation": [152, 0, 90],
			"translation": [-15.5, -5, 1],
			"scale": [1.25, 2, 1.25]
		},
		"firstperson_righthand": {
			"rotation": [105, 4, -90],
			"translation": [16, -6, 2.75],
			"scale": [1.5, 1.5, 1.5]
		},
		"firstperson_lefthand": {
			"rotation": [0, 4, -90],
			"translation": [16, -3.75, 3.25],
			"scale": [1.5, 1.5, 1.5]
		},
		"ground": {
			"rotation": [90, 0, 0],
			"translation": [0, 6.5, 6.5]
		},
		"gui": {
			"rotation": [90, 0, 0],
			"translation": [0, 0, 7.25]
		},
		"head": {
			"rotation": [0, 0, 90],
			"translation": [-7.25, 2.25, -3]
		},
		"fixed": {
			"rotation": [90, 90, 0],
			"translation": [0, 0, 7.25]
		}
	},
	"groups": [
		{
			"name": "1357",
			"origin": [8, 8, 8],
			"children": [0, 1, 2, 3, 4, 5, 6, 7, 8, 9, 10, 11, 12, 13, 14, 15, 16, 17, 18, 19, 20, 21, 22, 23, 24, 25, 26, 27, 28, 29, 30, 31, 32, 33, 34, 35, 36, 37, 38, 39, 40, 41, 42, 43, 44, 45, 46, 47, 48, 49]
		}
	]
}