{
	"credit": "Made with Blockbench",
	"parent": "item/handheld",
	"textures": {
		"layer0": "items/dx0006"
	},
	"display": {
		"thirdperson_righthand": {
			"rotation": [0, -90, 45],
			"translation": [0, 0.25, -1],
			"scale": [0.65, 0.65, 0.85]
		},
		"thirdperson_lefthand": {
			"rotation": [0, 90, -45],
			"translation": [0, -0.25, -1],
			"scale": [0.65, 0.65, 0.85]
		},
		"firstperson_righthand": {
			"rotation": [0, -90, 45],
			"translation": [-0.62, 3.45, 0.13],
			"scale": [0.8, 0.8, 0.95]
		},
		"firstperson_lefthand": {
			"rotation": [0, 90, -45],
			"translation": [-0.62, 3.45, 0.13],
			"scale": [0.8, 0.8, 0.95]
		},
		"fixed": {
			"scale": [0.95, 0.95, 1]
		}
	}
}