{
	"textures": {
		"memegrass": "items/3d/memegrass"
	},
	"elements": [
		{
			"from": [18, 7, 0],
			"to": [19, 8, 1],
			"faces": {
				"north": {"uv": [0, 4, 1, 5], "texture": "memegrass"},
				"east": {"uv": [0, 0, 1, 1], "texture": "memegrass"},
				"south": {"uv": [0, 0, 1, 1], "texture": "memegrass"},
				"west": {"uv": [0, 0, 1, 1], "texture": "memegrass"},
				"up": {"uv": [0, 0, 1, 1], "texture": "memegrass"},
				"down": {"uv": [0, 0, 1, 1], "texture": "memegrass"}
			}
		},
		{
			"from": [16, 7, 0],
			"to": [17, 8, 1],
			"faces": {
				"north": {"uv": [0, 4, 1, 5], "texture": "memegrass"},
				"east": {"uv": [0, 0, 1, 1], "texture": "memegrass"},
				"south": {"uv": [0, 0, 1, 1], "texture": "memegrass"},
				"west": {"uv": [0, 0, 1, 1], "texture": "memegrass"},
				"up": {"uv": [0, 0, 1, 1], "texture": "memegrass"},
				"down": {"uv": [0, 0, 1, 1], "texture": "memegrass"}
			}
		},
		{
			"from": [15, 6, 0],
			"to": [16, 7, 1],
			"faces": {
				"north": {"uv": [0, 4, 1, 5], "texture": "memegrass"},
				"east": {"uv": [0, 0, 1, 1], "texture": "memegrass"},
				"south": {"uv": [0, 0, 1, 1], "texture": "memegrass"},
				"west": {"uv": [0, 0, 1, 1], "texture": "memegrass"},
				"up": {"uv": [0, 0, 1, 1], "texture": "memegrass"},
				"down": {"uv": [0, 0, 1, 1], "texture": "memegrass"}
			}
		},
		{
			"from": [14, 5, 0],
			"to": [15, 6, 1],
			"faces": {
				"north": {"uv": [0, 4, 1, 5], "texture": "memegrass"},
				"east": {"uv": [0, 0, 1, 1], "texture": "memegrass"},
				"south": {"uv": [0, 0, 1, 1], "texture": "memegrass"},
				"west": {"uv": [0, 0, 1, 1], "texture": "memegrass"},
				"up": {"uv": [0, 0, 1, 1], "texture": "memegrass"},
				"down": {"uv": [0, 0, 1, 1], "texture": "memegrass"}
			}
		},
		{
			"from": [16, 5, 0],
			"to": [17, 6, 1],
			"faces": {
				"north": {"uv": [0, 4, 1, 5], "texture": "memegrass"},
				"east": {"uv": [0, 0, 1, 1], "texture": "memegrass"},
				"south": {"uv": [0, 0, 1, 1], "texture": "memegrass"},
				"west": {"uv": [0, 0, 1, 1], "texture": "memegrass"},
				"up": {"uv": [0, 0, 1, 1], "texture": "memegrass"},
				"down": {"uv": [0, 0, 1, 1], "texture": "memegrass"}
			}
		},
		{
			"from": [17, 6, 0],
			"to": [18, 7, 1],
			"faces": {
				"north": {"uv": [0, 4, 1, 5], "texture": "memegrass"},
				"east": {"uv": [0, 0, 1, 1], "texture": "memegrass"},
				"south": {"uv": [0, 0, 1, 1], "texture": "memegrass"},
				"west": {"uv": [0, 0, 1, 1], "texture": "memegrass"},
				"up": {"uv": [0, 0, 1, 1], "texture": "memegrass"},
				"down": {"uv": [0, 0, 1, 1], "texture": "memegrass"}
			}
		},
		{
			"from": [17, 7, 0],
			"to": [18, 8, 1],
			"faces": {
				"north": {"uv": [2, 15, 9, 16], "texture": "memegrass"},
				"east": {"uv": [0, 12, 1, 13], "texture": "memegrass"},
				"south": {"uv": [0, 15, 7, 16], "texture": "memegrass"},
				"west": {"uv": [0, 12, 1, 13], "texture": "memegrass"},
				"up": {"uv": [0, 12, 7, 13], "texture": "memegrass"},
				"down": {"uv": [0, 15, 7, 16], "texture": "memegrass"}
			}
		},
		{
			"from": [15, 5, 0],
			"to": [16, 6, 1],
			"faces": {
				"north": {"uv": [2, 15, 9, 16], "texture": "memegrass"},
				"east": {"uv": [0, 12, 1, 13], "texture": "memegrass"},
				"south": {"uv": [0, 15, 7, 16], "texture": "memegrass"},
				"west": {"uv": [0, 12, 1, 13], "texture": "memegrass"},
				"up": {"uv": [0, 12, 7, 13], "texture": "memegrass"},
				"down": {"uv": [0, 15, 7, 16], "texture": "memegrass"}
			}
		},
		{
			"from": [16, 6, 0],
			"to": [17, 7, 1],
			"faces": {
				"north": {"uv": [2, 15, 9, 16], "texture": "memegrass"},
				"east": {"uv": [0, 12, 1, 13], "texture": "memegrass"},
				"south": {"uv": [0, 15, 7, 16], "texture": "memegrass"},
				"west": {"uv": [0, 12, 1, 13], "texture": "memegrass"},
				"up": {"uv": [0, 12, 7, 13], "texture": "memegrass"},
				"down": {"uv": [0, 15, 7, 16], "texture": "memegrass"}
			}
		},
		{
			"from": [-3, 8, 0],
			"to": [21, 9, 1],
			"faces": {
				"north": {"uv": [2, 15, 9, 16], "texture": "memegrass"},
				"east": {"uv": [0, 12, 1, 13], "texture": "memegrass"},
				"south": {"uv": [0, 15, 7, 16], "texture": "memegrass"},
				"west": {"uv": [0, 12, 1, 13], "texture": "memegrass"},
				"up": {"uv": [0, 12, 7, 13], "texture": "memegrass"},
				"down": {"uv": [0, 15, 7, 16], "texture": "memegrass"}
			}
		},
		{
			"from": [9, 7, 0],
			"to": [16, 8, 1],
			"faces": {
				"north": {"uv": [2, 15, 9, 16], "texture": "memegrass"},
				"east": {"uv": [0, 12, 1, 13], "texture": "memegrass"},
				"south": {"uv": [0, 15, 7, 16], "texture": "memegrass"},
				"west": {"uv": [0, 12, 1, 13], "texture": "memegrass"},
				"up": {"uv": [0, 12, 7, 13], "texture": "memegrass"},
				"down": {"uv": [0, 15, 7, 16], "texture": "memegrass"}
			}
		},
		{
			"from": [19, 7, 0],
			"to": [21, 8, 1],
			"faces": {
				"north": {"uv": [2, 15, 9, 16], "texture": "memegrass"},
				"east": {"uv": [0, 12, 1, 13], "texture": "memegrass"},
				"south": {"uv": [0, 15, 7, 16], "texture": "memegrass"},
				"west": {"uv": [0, 12, 1, 13], "texture": "memegrass"},
				"up": {"uv": [0, 12, 7, 13], "texture": "memegrass"},
				"down": {"uv": [0, 15, 7, 16], "texture": "memegrass"}
			}
		},
		{
			"from": [18, 6, 0],
			"to": [20, 7, 1],
			"faces": {
				"north": {"uv": [2, 15, 9, 16], "texture": "memegrass"},
				"east": {"uv": [0, 12, 1, 13], "texture": "memegrass"},
				"south": {"uv": [0, 15, 7, 16], "texture": "memegrass"},
				"west": {"uv": [0, 12, 1, 13], "texture": "memegrass"},
				"up": {"uv": [0, 12, 7, 13], "texture": "memegrass"},
				"down": {"uv": [0, 15, 7, 16], "texture": "memegrass"}
			}
		},
		{
			"from": [17, 5, 0],
			"to": [19, 6, 1],
			"faces": {
				"north": {"uv": [2, 15, 9, 16], "texture": "memegrass"},
				"east": {"uv": [0, 12, 1, 13], "texture": "memegrass"},
				"south": {"uv": [0, 15, 7, 16], "texture": "memegrass"},
				"west": {"uv": [0, 12, 1, 13], "texture": "memegrass"},
				"up": {"uv": [0, 12, 7, 13], "texture": "memegrass"},
				"down": {"uv": [0, 15, 7, 16], "texture": "memegrass"}
			}
		},
		{
			"from": [11, 4, 0],
			"to": [18, 5, 1],
			"faces": {
				"north": {"uv": [2, 15, 9, 16], "texture": "memegrass"},
				"east": {"uv": [0, 12, 1, 13], "texture": "memegrass"},
				"south": {"uv": [0, 15, 7, 16], "texture": "memegrass"},
				"west": {"uv": [0, 12, 1, 13], "texture": "memegrass"},
				"up": {"uv": [0, 12, 7, 13], "texture": "memegrass"},
				"down": {"uv": [0, 15, 7, 16], "texture": "memegrass"}
			}
		},
		{
			"from": [10, 5, 0],
			"to": [14, 6, 1],
			"faces": {
				"north": {"uv": [2, 15, 9, 16], "texture": "memegrass"},
				"east": {"uv": [0, 12, 1, 13], "texture": "memegrass"},
				"south": {"uv": [0, 15, 7, 16], "texture": "memegrass"},
				"west": {"uv": [0, 12, 1, 13], "texture": "memegrass"},
				"up": {"uv": [0, 12, 7, 13], "texture": "memegrass"},
				"down": {"uv": [0, 15, 7, 16], "texture": "memegrass"}
			}
		},
		{
			"from": [9, 6, 0],
			"to": [15, 7, 1],
			"faces": {
				"north": {"uv": [2, 15, 9, 16], "texture": "memegrass"},
				"east": {"uv": [0, 12, 1, 13], "texture": "memegrass"},
				"south": {"uv": [0, 15, 7, 16], "texture": "memegrass"},
				"west": {"uv": [0, 12, 1, 13], "texture": "memegrass"},
				"up": {"uv": [0, 12, 7, 13], "texture": "memegrass"},
				"down": {"uv": [0, 15, 7, 16], "texture": "memegrass"}
			}
		},
		{
			"from": [6, 7, 0],
			"to": [8, 8, 1],
			"faces": {
				"north": {"uv": [2, 15, 9, 16], "texture": "memegrass"},
				"east": {"uv": [0, 12, 1, 13], "texture": "memegrass"},
				"south": {"uv": [0, 15, 7, 16], "texture": "memegrass"},
				"west": {"uv": [0, 12, 1, 13], "texture": "memegrass"},
				"up": {"uv": [0, 12, 7, 13], "texture": "memegrass"},
				"down": {"uv": [0, 15, 7, 16], "texture": "memegrass"}
			}
		},
		{
			"from": [5, 6, 0],
			"to": [7, 7, 1],
			"faces": {
				"north": {"uv": [2, 15, 9, 16], "texture": "memegrass"},
				"east": {"uv": [0, 12, 1, 13], "texture": "memegrass"},
				"south": {"uv": [0, 15, 7, 16], "texture": "memegrass"},
				"west": {"uv": [0, 12, 1, 13], "texture": "memegrass"},
				"up": {"uv": [0, 12, 7, 13], "texture": "memegrass"},
				"down": {"uv": [0, 15, 7, 16], "texture": "memegrass"}
			}
		},
		{
			"from": [-1, 5, 0],
			"to": [6, 6, 1],
			"faces": {
				"north": {"uv": [2, 15, 9, 16], "texture": "memegrass"},
				"east": {"uv": [0, 12, 1, 13], "texture": "memegrass"},
				"south": {"uv": [0, 15, 7, 16], "texture": "memegrass"},
				"west": {"uv": [0, 12, 1, 13], "texture": "memegrass"},
				"up": {"uv": [0, 12, 7, 13], "texture": "memegrass"},
				"down": {"uv": [0, 15, 7, 16], "texture": "memegrass"}
			}
		},
		{
			"from": [4, 6, 0],
			"to": [5, 7, 1],
			"faces": {
				"north": {"uv": [0, 4, 1, 5], "texture": "memegrass"},
				"east": {"uv": [0, 0, 1, 1], "texture": "memegrass"},
				"south": {"uv": [0, 0, 1, 1], "texture": "memegrass"},
				"west": {"uv": [0, 0, 1, 1], "texture": "memegrass"},
				"up": {"uv": [0, 0, 1, 1], "texture": "memegrass"},
				"down": {"uv": [0, 0, 1, 1], "texture": "memegrass"}
			}
		},
		{
			"from": [5, 7, 0],
			"to": [6, 8, 1],
			"faces": {
				"north": {"uv": [0, 4, 1, 5], "texture": "memegrass"},
				"east": {"uv": [0, 0, 1, 1], "texture": "memegrass"},
				"south": {"uv": [0, 0, 1, 1], "texture": "memegrass"},
				"west": {"uv": [0, 0, 1, 1], "texture": "memegrass"},
				"up": {"uv": [0, 0, 1, 1], "texture": "memegrass"},
				"down": {"uv": [0, 0, 1, 1], "texture": "memegrass"}
			}
		},
		{
			"from": [4, 7, 0],
			"to": [5, 8, 1],
			"faces": {
				"north": {"uv": [2, 15, 9, 16], "texture": "memegrass"},
				"east": {"uv": [0, 12, 1, 13], "texture": "memegrass"},
				"south": {"uv": [0, 15, 7, 16], "texture": "memegrass"},
				"west": {"uv": [0, 12, 1, 13], "texture": "memegrass"},
				"up": {"uv": [0, 12, 7, 13], "texture": "memegrass"},
				"down": {"uv": [0, 15, 7, 16], "texture": "memegrass"}
			}
		},
		{
			"from": [3, 7, 0],
			"to": [4, 8, 1],
			"faces": {
				"north": {"uv": [0, 4, 1, 5], "texture": "memegrass"},
				"east": {"uv": [0, 0, 1, 1], "texture": "memegrass"},
				"south": {"uv": [0, 0, 1, 1], "texture": "memegrass"},
				"west": {"uv": [0, 0, 1, 1], "texture": "memegrass"},
				"up": {"uv": [0, 0, 1, 1], "texture": "memegrass"},
				"down": {"uv": [0, 0, 1, 1], "texture": "memegrass"}
			}
		},
		{
			"from": [3, 6, 0],
			"to": [4, 7, 1],
			"faces": {
				"north": {"uv": [2, 15, 9, 16], "texture": "memegrass"},
				"east": {"uv": [0, 12, 1, 13], "texture": "memegrass"},
				"south": {"uv": [0, 15, 7, 16], "texture": "memegrass"},
				"west": {"uv": [0, 12, 1, 13], "texture": "memegrass"},
				"up": {"uv": [0, 12, 7, 13], "texture": "memegrass"},
				"down": {"uv": [0, 15, 7, 16], "texture": "memegrass"}
			}
		},
		{
			"from": [2, 6, 0],
			"to": [3, 7, 1],
			"faces": {
				"north": {"uv": [0, 4, 1, 5], "texture": "memegrass"},
				"east": {"uv": [0, 0, 1, 1], "texture": "memegrass"},
				"south": {"uv": [0, 0, 1, 1], "texture": "memegrass"},
				"west": {"uv": [0, 0, 1, 1], "texture": "memegrass"},
				"up": {"uv": [0, 0, 1, 1], "texture": "memegrass"},
				"down": {"uv": [0, 0, 1, 1], "texture": "memegrass"}
			}
		},
		{
			"from": [-2, 6, 0],
			"to": [2, 7, 1],
			"faces": {
				"north": {"uv": [2, 15, 9, 16], "texture": "memegrass"},
				"east": {"uv": [0, 12, 1, 13], "texture": "memegrass"},
				"south": {"uv": [0, 15, 7, 16], "texture": "memegrass"},
				"west": {"uv": [0, 12, 1, 13], "texture": "memegrass"},
				"up": {"uv": [0, 12, 7, 13], "texture": "memegrass"},
				"down": {"uv": [0, 15, 7, 16], "texture": "memegrass"}
			}
		},
		{
			"from": [-3, 7, 0],
			"to": [3, 8, 1],
			"faces": {
				"north": {"uv": [2, 15, 9, 16], "texture": "memegrass"},
				"east": {"uv": [0, 12, 1, 13], "texture": "memegrass"},
				"south": {"uv": [0, 15, 7, 16], "texture": "memegrass"},
				"west": {"uv": [0, 12, 1, 13], "texture": "memegrass"},
				"up": {"uv": [0, 12, 7, 13], "texture": "memegrass"},
				"down": {"uv": [0, 15, 7, 16], "texture": "memegrass"}
			}
		}
	],
	"display": {
		"thirdperson_righthand": {
			"translation": [0, 0, 2.5],
			"scale": [0.5, 0.5, 0.5]
		},
		"thirdperson_lefthand": {
			"translation": [0, 0, 2.5],
			"scale": [0.5, 0.5, 0.5]
		},
		"gui": {
			"rotation": [0, 180, 0],
			"translation": [0.5, 0, 0],
			"scale": [0.7, 0.7, 0.7]
		},
		"head": {
			"translation": [-0.25, 0, -3],
			"scale": [0.7, 0.7, 0.7]
		}
	},
	"groups": [
		{
			"name": "h0004",
			"children": [0, 1, 2, 3, 4, 5, 6, 7, 8, 9, 10, 11, 12, 13, 14, 15, 16, 17, 18, 19, 20, 21, 22, 23, 24, 25, 26, 27]
		}
	]
}