{
	"credit": "Made with Blockbench",
	"parent": "item/handheld",
	"textures": {
		"layer0": "items/s0050"
	},
	"display": {
		"thirdperson_righthand": {
			"rotation": [0, 90, -117],
			"translation": [0, -0.25, 0],
			"scale": [0.5, 0.5, 0.5]
		},
		"thirdperson_lefthand": {
			"rotation": [0, -90, 117],
			"translation": [0, 0.25, 1],
			"scale": [0.5, 0.5, 0.5]
		},
		"firstperson_righthand": {
			"rotation": [0, -83, 13],
			"translation": [0, 2.5, 1],
			"scale": [0.7, 0.7, 0.7]
		},
		"firstperson_lefthand": {
			"rotation": [0, 83, -13],
			"translation": [3.25, 2.5, 0],
			"scale": [0.7, 0.7, 0.7]
		},
		"ground": {
			"scale": [0.4, 0.4, 0.4]
		},
		"head": {
			"translation": [0, 9, 0]
		}
	}
}