{
	"credit": "Made with Blockbench",
	"parent": "item/generated",
	"textures": {
		"layer0": "items/0017"
	},
	"display": {
		"thirdperson_righthand": {
			"rotation": [45, -90, 0],
			"translation": [-0.75, 2, -3],
			"scale": [2, 2, 2.5]
		},
		"firstperson_righthand": {
			"rotation": [-135, 90, 0],
			"translation": [1.5, 3.25, 0],
			"scale": [1, 1, 1.5]
		},
		"ground": {
			"rotation": [90, 0, 0]
		},
		"head": {
			"rotation": [0, 0, 90],
			"translation": [1.75, -13.25, 5],
			"scale": [2, 2, 3]
		}
	}
}