{
	"credit": "Made with Blockbench",
	"parent": "item/generated",
	"textures": {
		"layer0": "items/skill"
	},
	"display": {
		"thirdperson_righthand": {
			"translation": [0, -2, 2.25],
			"scale": [0.45, 0.45, 1]
		},
		"thirdperson_lefthand": {
			"translation": [0, -2, 2.25],
			"scale": [0.45, 0.45, 1]
		},
		"firstperson_righthand": {
			"translation": [-8.75, 8.5, 0]
		},
		"firstperson_lefthand": {
			"translation": [-9.25, 8.6, 0],
			"scale": [1, 1, 4]
		},
		"ground": {
			"rotation": [0, 0, 45],
			"translation": [0, 7.25, 0]
		},
		"head": {
			"rotation": [90, 0, 0],
			"translation": [0, 3, 0]
		}
	}
}