{
	"credit": "Made with Blockbench",
	"parent": "item/handheld",
	"textures": {
		"layer0":"items/1024"
	},
	"display": {
		"thirdperson_righthand": {
			"rotation": [0, -90, 45],
			"translation": [-0.75, 5.25, -2],
			"scale": [1.25, 1.25, 0.8]
		},
		"firstperson_righthand": {
			"rotation": [9.25, -84, 0],
			"translation": [5, 4.75, 2.5]
		},
		"gui": {
			"translation": [3.25, 3.25, 0],
			"scale": [1.25, 1.35, 0.8]
		},
		"fixed": {
			"rotation": [0, -180, 45],
			"translation": [-0.75, 7, -1.25],
			"scale": [2, 2, 1]
		}
	}
}