{
  "bgm.orgelA": {
    "sounds": [
		{ 
			"name": "bgm/orgelA",
			"stream": true,
			"volume": 1.0
		}
    ],
    "subtitle": ""
  },
  "bgm.orgelB": {
    "sounds": [
		{ 
			"name": "bgm/orgelB",
			"stream": true,
			"volume": 1.0
		}
    ],
    "subtitle": ""
  },
  "effect.slashA": {
    "sounds": [
      "mob/silverfish/say1"
    ],
    "subtitle": "斬撃音"
  },
  "effect.shootA": {
    "sounds": [
      "mob/silverfish/say2"
    ],
    "subtitle": "軽 射撃音"
  },
  "effect.shootB": {
    "sounds": [
      "mob/silverfish/say2"
    ],
    "subtitle": "重 射撃音"
  },
  "effect.bulletA": {
    "sounds": [
      "mob/silverfish/say3"
    ],
    "subtitle": "弾丸が掠る"
  }
}