{
	"credit": "Made with Blockbench",
	"parent": "item/handheld",
	"textures": {
		"layer0": "items/0033"
	},
	"display": {
		"thirdperson_righthand": {
			"rotation": [90, 90, 0],
			"scale": [0.5, 0.5, 0.5]
		},
		"thirdperson_lefthand": {
			"rotation": [90, -90, 0],
			"scale": [0.5, 0.5, 0.5]
		},
		"firstperson_righthand": {
			"rotation": [0, 90, 55],
			"translation": [3, 1, 0],
			"scale": [0.6, 0.6, 0.6]
		},
		"firstperson_lefthand": {
			"rotation": [55, -90, 0],
			"translation": [3, 1, 0],
			"scale": [0.6, 0.6, 0.6]
		},
		"ground": {
			"rotation": [0, 0, 45],
			"translation": [0, 0.25, 0],
			"scale": [0.5, 0.5, 1]
		},
		"gui": {
			"scale": [0.75, 0.75, 1]
		},
		"head": {
			"translation": [5.5, -23.75, 4.75],
			"scale": [0.5, 0.5, 1]
		}
	}
}