{
	"credit": "Made with Blockbench",
	"parent": "item/handheld",
	"textures": {
		"layer0": "items/0206"
	},
	"display": {
		"thirdperson_righthand": {
			"rotation": [0, -90, 45],
			"translation": [0, 1, -0.25],
			"scale": [0.6, 0.6, 1]
		},
		"thirdperson_lefthand": {
			"rotation": [0, 90, -45],
			"translation": [0, 1, -0.25],
			"scale": [0.6, 0.6, 1]
		},
		"firstperson_righthand": {
			"rotation": [150, -75, -180],
			"translation": [3, 3, 1.25],
			"scale": [0.6, 0.6, 0.6]
		},
		"firstperson_lefthand": {
			"rotation": [150, 75, -180],
			"translation": [3, 3, 1.25],
			"scale": [0.6, 0.6, 0.6]
		},
		"ground": {
			"rotation": [90, 0, 0],
			"translation": [3, -3, 0]
		}
	}
}