{
	"credit": "Made with Blockbench",
	"parent": "item/handheld",
	"textures": {
		"layer0": "items/tume"
	},
	"display": {
		"thirdperson_righthand": {
			"rotation": [135, 90, 0],
			"translation": [2, -2, 0],
			"scale": [0.75, 0.75, 1]
		},
		"thirdperson_lefthand": {
			"rotation": [45, 90, 0],
			"translation": [2, -2, 0],
			"scale": [0.75, 0.75, 1]
		},
		"firstperson_righthand": {
			"rotation": [0, 90, 55],
			"translation": [3, 1, 0],
			"scale": [0, 0, 0]
		},
		"firstperson_lefthand": {
			"rotation": [55, -90, 0],
			"translation": [3, 1, 0],
			"scale": [0, 0, 0]
		},
		"ground": {
			"rotation": [90, 0, 0],
			"translation": [0, -3, 0]
		},
		"gui": {
			"scale": [0.75, 0.75, 1]
		}
	}
}