{
	"credit": "Made with Blockbench",
	"parent": "item/handheld",
	"textures": {
		"layer0": "items/0168"
	},
	"display": {
		"thirdperson_righthand": {
			"rotation": [-45, -90, 0],
			"translation": [0, 1, -2]
		},
		"thirdperson_lefthand": {
			"rotation": [-45, 90, 0],
			"translation": [0, 1, -2]
		},
		"firstperson_righthand": {
			"rotation": [-45, -90, 0],
			"translation": [3, 1, -1]
		},
		"firstperson_lefthand": {
			"rotation": [-45, 90, 0],
			"translation": [3, 1, -1]
		},
		"ground": {
			"rotation": [90, 0, 0],
			"translation": [0, -3, 0]
		},
		"head": {
			"translation": [0, -16, 6],
			"scale": [2, 2, 2]
		}
	}
}