{
	"credit": "Made with Blockbench",
	"parent": "item/handheld",
	"textures": {
		"layer0": "items/0161"
	},
	"display": {
		"thirdperson_righthand": {
			"rotation": [-90, -90, -45],
			"translation": [-10.5, -10.25, 1],
			"scale": [1.2, 1.2, 0.75]
		},
		"thirdperson_lefthand": {
			"rotation": [-90, 90, 45],
			"translation": [0, -5.75, 1],
			"scale": [1.2, 1.2, 0.75]
		},
		"firstperson_righthand": {
			"rotation": [-100, -90, 0],
			"translation": [-25, -2, 0.5],
			"scale": [1, 1, 0.5]
		},
		"firstperson_lefthand": {
			"rotation": [-20, -90, 0],
			"translation": [5, 0.75, 1.5],
			"scale": [1, 1, 0.5]
		},
		"ground": {
			"rotation": [90, 0, 0],
			"translation": [0, -3, 0],
			"scale": [1.5, 1.5, 1]
		}
	}
}