{
	"credit": "Made with Blockbench",
	"textures": {
		"0": "shield-0001",
		"particle": "shield-0001"
	},
	"elements": [
		{
			"from": [0, 0, 8],
			"to": [16, 16, 9],
			"faces": {
				"north": {"uv": [0, 0.5, 7.75, 16], "texture": "#0"},
				"east": {"uv": [0, 0, 15.75, 0.5], "texture": "#missing"},
				"south": {"uv": [8.25, 0.5, 16, 16], "texture": "#0"},
				"west": {"uv": [0, 0, 16, 0.5], "texture": "#missing"},
				"up": {"uv": [0, 0, 16, 0.5], "texture": "#missing"},
				"down": {"uv": [0, 0, 16, 0.5], "texture": "#missing"}
			}
		}
	],
	"display": {
		"thirdperson_righthand": {
			"rotation": [90, -77.25, -45],
			"translation": [3.25, 0, 4],
			"scale": [1.5, 1.5, 1]
		},
		"thirdperson_lefthand": {
			"rotation": [90, -60, -45],
			"translation": [2, 0, 4],
			"scale": [1.5, 1.5, 1]
		},
		"firstperson_righthand": {
			"rotation": [0, -22.75, 40],
			"translation": [2.25, -0.5, -0.25],
			"scale": [0, 0, 0]
		},
		"firstperson_lefthand": {
			"scale": [0, 0, 0]
		},
		"ground": {
			"rotation": [90, 0, 0],
			"translation": [-0.25, -2.5, 1.5],
			"scale": [1.5, 1.5, 1]
		},
		"head": {
			"rotation": [0, 0, 20],
			"translation": [0, -14.25, 7],
			"scale": [1.5, 1.5, 1]
		}
	}
}