{
	"multipart": [
		{ "apply": { "model": "glass_pane_post" }},
		{ "when": { "north": true },	"apply": { "model": "glass_pane_side" }},
		{ "when": { "east": true },	"apply": { "model": "glass_pane_side", "y": 90 }},
		{ "when": { "south": true },	"apply": { "model": "glass_pane_side_alt" }},
		{ "when": { "west": true },	"apply": { "model": "glass_pane_side_alt", "y": 90 }},
		{ "when": { "north": false },	"apply": { "model": "glass_pane_noside" }},
		{ "when": { "east": false },	"apply": { "model": "glass_pane_noside_alt" }},
		{ "when": { "south": false },	"apply": { "model": "glass_pane_noside_alt", "y": 90 }},
		{ "when": { "west": false },	"apply": { "model": "glass_pane_noside", "y": 270 }},
		{ "when": { "north": true, "east": false, "south": false, "west": false },	"apply": { "model": "glass_pole_side", "y": 180 }},
		{ "when": { "north": false, "east": true, "south": false, "west": false },	"apply": { "model": "glass_pole_side", "y": 270 }},
		{ "when": { "north": false, "east": false, "south": true, "west": false },	"apply": { "model": "glass_pole_side" }},
		{ "when": { "north": false, "east": false, "south": false, "west": true },	"apply": { "model": "glass_pole_side", "y": 90 }},
		{ "when": { "north": false, "east": false, "south": false, "west": false },	"apply": { "model": "glass_pole_side" }},
		{ "when": { "north": false, "east": false, "south": false, "west": false },	"apply": { "model": "glass_pole_side", "y": 90  }},
		{ "when": { "north": false, "east": false, "south": false, "west": false },	"apply": { "model": "glass_pole_side", "y": 180  }},
		{ "when": { "north": false, "east": false, "south": false, "west": false },	"apply": { "model": "glass_pole_side", "y": 270  }}
	]
}