{
	"credit": "Made with Blockbench",
	"parent": "item/handheld",
	"textures": {
		"layer0": "items/0192"
	},
	"display": {
		"thirdperson_righthand": {
			"rotation": [0, 90, -41],
			"translation": [0.5, 5, 1.25]
		},
		"thirdperson_lefthand": {
			"rotation": [0, 90, 41],
			"translation": [0.5, 5, 1.25]
		},
		"firstperson_righthand": {
			"rotation": [0, -74, 0],
			"translation": [-0.25, 4, 0],
			"scale": [0.7, 0.7, 0.7]
		},
		"firstperson_lefthand": {
			"rotation": [0, 92, 0],
			"translation": [0, 4, 0],
			"scale": [0.7, 0.7, 0.7]
		},
		"ground": {
			"translation": [0, 5.25, 0]
		}
	}
}