{
	"credit": "Made with Blockbench",
	"parent": "item/handheld",
	"textures": {
		"layer0": "items/0460"
	},
	"display": {
		"thirdperson_righthand": {
			"scale": [0, 0, 0]
		},
		"thirdperson_lefthand": {
			"scale": [0, 0, 0]
		},
		"firstperson_righthand": {
			"rotation": [0, 0, 45],
			"translation": [-8.94, 7.5, 1],
			"scale": [1, 1, 0.8]
		},
		"firstperson_lefthand": {
			"rotation": [0, 0, -45],
			"translation": [-8.935, 7.855, 1.25],
			"scale": [1, 1, 0.8]
		},
		"ground": {
			"rotation": [0, 0, 45]
		},
		"gui": {
			"rotation": [0, 0, 45]
		},
		"head": {
			"scale": [0, 0, 0]
		},
		"fixed": {
			"rotation": [0, 0, 45]
		}
	}
}