{
	"credit": "Made with Blockbench",
	"parent": "item/handheld",
	"textures": {
		"layer0": "items/0011"
	},
	"display": {
		"thirdperson_righthand": {
			"rotation": [78, -90, 45],
			"translation": [0, 1, -0.75],
			"scale": [0.35, 0.35, 0.35]
		},
		"firstperson_righthand": {
			"rotation": [-32.5, -32.25, 0],
			"translation": [1.25, 2, 0],
			"scale": [0.4, 0.4, 0.4]
		},
		"ground": {
			"scale": [0.35, 0.35, 0.35]
		},
		"head": {
			"rotation": [0, 0, 17.5],
			"translation": [0, -7.75, -3.25],
			"scale": [0.3, 0.3, 1]
		}
	}
}