{
  "bgm.orgelA": {
    "sounds": [
      "bgm/orgelA"
    ],
    "subtitle": ""
  },
  "bgm.orgelB": {
    "sounds": [
      "bgm/orgelB"
    ],
    "subtitle": ""
  },
  "effect.slashA": {
    "sounds": [
      "effect.slashA"
    ],
    "subtitle": "斬撃音"
  },
  "effect.shootA": {
    "sounds": [
      "effect.shootA"
    ],
    "subtitle": "射撃音"
  },
  "effect.bulletA": {
    "sounds": [
      "effect.bulletA"
    ],
    "subtitle": "銃弾音"
  }
}
