{
	"credit": "Made with Blockbench",
	"parent": "item/handheld",
	"textures": {
		"layer0": "items/0030"
	},
	"display": {
		"thirdperson_righthand": {
			"rotation": [90, 90, 0],
			"scale": [0.5, 0.5, 1]
		},
		"thirdperson_lefthand": {
			"rotation": [-180, 90, 0],
			"scale": [0.5, 0.5, 1]
		},
		"firstperson_righthand": {
			"rotation": [0, -45, 45],
			"translation": [2, 2, 0],
			"scale": [0.5, 0.5, 1]
		},
		"firstperson_lefthand": {
			"rotation": [0, -45, 45],
			"translation": [2, 2, 0],
			"scale": [-0.5, 0.5, 1]
		},
		"ground": {
			"rotation": [0, 0, 45],
			"translation": [0, -0.2, 0],
			"scale": [0.5, 0.5, 1]
		},
		"gui": {
			"scale": [0.75, 0.75, 1]
		},
		"head": {
			"translation": [5, -23, 4],
			"scale": [0.5, 0.5, 1]
		},
		"fixed": {
			"rotation": [0, -180, 0]
		}
	}
}