{"guns.silencer":{"category":"record","sounds":["guns/silencer"]},"jet":{"category":"record","sounds":["jet"]},"bassdrop":{"category":"record","sounds":["bassdrop"]},"siren":{"category":"record","sounds":["siren"]},"honk":{"category":"record","sounds":["honk"]},"engine":{"category":"record","sounds":["engine"]},"driving":{"category":"record","sounds":["driving"]},"carskid":{"category":"record","sounds":["carskid"]},"voice.monsterpassive":{"category":"record","sounds":["voice/monsterpassive"]},"voice.monsterangry":{"category":"record","sounds":["voice/monsterangry"]},"voice.agony1":{"category":"record","sounds":["voice/agony1"]},"voice.agony2":{"category":"record","sounds":["voice/agony2"]},"voice.agony3":{"category":"record","sounds":["voice/agony3"]},"voice.agony4":{"category":"record","sounds":["voice/agony4"]},"voice.agony5":{"category":"record","sounds":["voice/agony5"]},"voice.agony6":{"category":"record","sounds":["voice/agony6"]},"voice.agony7":{"category":"record","sounds":["voice/agony7"]},"voice.agony8":{"category":"record","sounds":["voice/agony8"]},"voice.agony9":{"category":"record","sounds":["voice/agony9"]},"voice.agony10":{"category":"record","sounds":["voice/agony10"]},"voice.radiation":{"category":"record","sounds":["voice/radiation"]},"voice.humming":{"category":"record","sounds":["voice/humming"]},"voice.alarm":{"category":"record","sounds":["voice/alarm"]},"guns.handgunedited":{"category":"record","sounds":["guns/handgunedited"]},"guns.strongexhaust":{"category":"record","sounds":["guns/strongexhaust"]},"guns.sniperquickdeep":{"category":"record","sounds":["guns/sniperquickdeep"]},"guns.smgpop":{"category":"record","sounds":["guns/smgpop"]},"guns.longrifleshot":{"category":"record","sounds":["guns/longrifleshot"]},"guns.handgun":{"category":"record","sounds":["guns/handgun"]},"guns.deepshotgun":{"category":"record","sounds":["guns/deepshotgun"]},"guns.bighandgun":{"category":"record","sounds":["guns/bighandgun"]},"guns.autoshotgun":{"category":"record","sounds":["guns/autoshotgun"]},"guns.assaultpop":{"category":"record","sounds":["guns/assaultpop"]},"guns.pistolmagout":{"category":"record","sounds":["guns/pistolmagout"]},"guns.lmgreload":{"category":"record","sounds":["guns/lmgreload"]},"guns.laserbeam":{"category":"record","sounds":["guns/laserbeam"]},"guns.boltreload":{"category":"record","sounds":["guns/boltreload"]},"guns.9mm":{"category":"record","sounds":["guns/9mm"]},"guns.buzzing":{"category":"record","sounds":["guns/buzzing"]},"guns.zappy":{"category":"record","sounds":["guns/zappy"]},"guns.jammed":{"category":"record","sounds":["guns/jammed"]},"guns.popcrack":{"category":"record","sounds":["guns/popcrack"]},"guns.quickcrack":{"category":"record","sounds":["guns/quickcrack"]},"guns.dist_longmuffledshot":{"category":"record","sounds":["guns/dist_longmuffledshot"]},"guns.reloadlong":{"category":"record","sounds":["guns/reloadlong"]},"guns.reloadmedium":{"category":"record","sounds":["guns/reloadmedium"]},"guns.dist_powerfulsniper":{"category":"record","sounds":["guns/dist_powerfulsniper"]},"guns.dist_rifle":{"category":"record","sounds":["guns/dist_rifle"]},"guns.sniperdist":{"category":"record","sounds":["guns/sniperdist"]},"guns.dist_shotgun":{"category":"record","sounds":["guns/dist_shotgun"]},"guns.dist_faintshot":{"category":"record","sounds":["guns/dist_faintshot"]},"guns.snipershotlong":{"category":"record","sounds":["guns/snipershotlong"]},"guns.assaultshot":{"category":"record","sounds":["guns/assaultshot"]},"guns.bang":{"category":"record","sounds":["guns/bang"]},"guns.snipersnap":{"category":"record","sounds":["guns/snipersnap"]},"guns.riflebang":{"category":"record","sounds":["guns/riflebang"]},"guns.shotgunslug":{"category":"record","sounds":["guns/shotgunslug"]},"guns.smallbang":{"category":"record","sounds":["guns/smallbang"]},"guns.dingding":{"category":"record","sounds":["guns/dingding"]},"guns.rifleshot":{"category":"record","sounds":["guns/rifleshot"]},"guns.soundbarrier":{"category":"record","sounds":["guns/soundbarrier"]},"guns.lightbang":{"category":"record","sounds":["guns/lightbang"]},"guns.radiostatic":{"category":"record","sounds":["guns/radiostatic"]},"guns.skillup":{"category":"record","sounds":["guns/skillup"]},"guns.machinegun":{"category":"record","sounds":["guns/machinegun"]},"guns.assault":{"category":"record","sounds":["guns/assault"]},"guns.heavythud":{"category":"record","sounds":["guns/heavythud"]},"guns.reloadfinish":{"category":"record","sounds":["guns/reloadfinish"]},"guns.supressedpistol":{"category":"record","sounds":["guns/supressedpistol"]},"guns.rocket":{"category":"record","sounds":["guns/rocket"]},"guns.reloadquick":{"category":"record","sounds":["guns/reloadquick"]},"guns.popshot":{"category":"record","sounds":["guns/popshot"]},"guns.swap":{"category":"record","sounds":["guns/swap"]},"guns.pin":{"category":"record","sounds":["guns/pin"]},"guns.smoke":{"category":"record","sounds":["guns/smoke"]},"guns.swapsmall":{"category":"record","sounds":["guns/swapsmall"]},"guns.swapmelee":{"category":"record","sounds":["guns/swapmelee"]},"guns.swaplarge":{"category":"record","sounds":["guns/swaplarge"]},"guns.swapblunt":{"category":"record","sounds":["guns/swapblunt"]},"guns.armorbreak":{"category":"record","sounds":["guns/armorbreak"]},"guns.loudassault":{"category":"record","sounds":["guns/loudassault"]},"guns.loudsniper":{"category":"record","sounds":["guns/loudsniper"]},"guns.dist_deepthud":{"category":"record","sounds":["guns/dist_deepthud"]},"guns.dist_crack":{"category":"record","sounds":["guns/dist_crack"]},"guns.dist_smg":{"category":"record","sounds":["guns/dist_smg"]},"guns.dist_assaultshot":{"category":"record","sounds":["guns/dist_assaultshot"]},"guns.dist_longassault":{"category":"record","sounds":["guns/dist_longassault"]},"guns.smg":{"category":"record","sounds":["guns/smg"]},"guns.dist_powerful":{"category":"record","sounds":["guns/dist_powerful"]},"guns.burst":{"category":"record","sounds":["guns/burst"]},"guns.blunt":{"category":"record","sounds":["guns/blunt"]},"guns.deepstab":{"category":"record","sounds":["guns/deepstab"]},"guns.blade":{"category":"record","sounds":["guns/blade"]},"guns.chainsaw":{"category":"record","sounds":["guns/chainsaw"]},"guns.lightmachinegun":{"category":"record","sounds":["guns/lightmachinegun"]},"guns.mediumassault":{"category":"record","sounds":["guns/mediumassault"]},"guns.metallic":{"category":"record","sounds":["guns/metallic"]},"guns.oldrifle":{"category":"record","sounds":["guns/oldrifle"]},"guns.quickpop":{"category":"record","sounds":["guns/quickpop"]},"guns.quicksnap":{"category":"record","sounds":["guns/quicksnap"]},"guns.rifleecho":{"category":"record","sounds":["guns/rifleecho"]},"guns.semisniper":{"category":"record","sounds":["guns/semisniper"]},"guns.sharpboom":{"category":"record","sounds":["guns/sharpboom"]},"guns.pump":{"category":"record","sounds":["guns/pump"]},"guns.dist_heavyshot":{"category":"record","sounds":["guns/dist_heavyshot"]},"guns.metalhit":{"category":"record","sounds":["guns/metalhit"]},"guns.dist_shotgundeep":{"category":"record","sounds":["guns/dist_shotgundeep"]},"guns.dist_rip":{"category":"record","sounds":["guns/dist_rip"]},"guns.dist_bulletpop":{"category":"record","sounds":["guns/dist_bulletpop"]},"guns.dist_quick":{"category":"record","sounds":["guns/dist_quick"]},"guns.dist_pistol":{"category":"record","sounds":["guns/dist_pistol"]},"guns.dist_tac":{"category":"record","sounds":["guns/dist_tac"]},"guns.siren":{"category":"record","sounds":["guns/siren"]},"voice.friendly":{"category":"record","sounds":["voice/friendly"]},"voice.warn":{"category":"record","sounds":["voice/warn"]},"voice.help":{"category":"record","sounds":["voice/help"]},"voice.hey":{"category":"record","sounds":["voice/hey"]},"voice.leave":{"category":"record","sounds":["voice/leave"]},"voice.watchout":{"category":"record","sounds":["voice/watchout"]},"voice.team":{"category":"record","sounds":["voice/team"]},"voice.fart":{"category":"record","sounds":["voice/fart"]},"voice.greatest":{"category":"record","sounds":["voice/greatest"]},"voice.whistle":{"category":"record","sounds":["voice/whistle"]},"voice.laugh":{"category":"record","sounds":["voice/laugh"]},"voice.getchu":{"category":"record","sounds":["voice/getchu"]},"guns.ricochet_50cal":{"category":"record","sounds":["guns/ricochet_50cal"]},"guns.ricochet_automatic":{"category":"record","sounds":["guns/ricochet_automatic"]},"guns.ricochet_pistol":{"category":"record","sounds":["guns/ricochet_pistol"]},"guns.ricochet_rifle":{"category":"record","sounds":["guns/ricochet_rifle"]},"guns.ricochet_smg":{"category":"record","sounds":["guns/ricochet_smg"]},"guns.ricochet_sniper":{"category":"record","sounds":["guns/ricochet_sniper"]},"guns.singleshot":{"category":"record","sounds":["guns/singleshot"]}}
