{
	"credit": "Made with Blockbench",
	"parent": "item/handheld",
	"textures": {
		"layer0": "items/1018"
	},
	"display": {
		"thirdperson_righthand": {
			"rotation": [-135, 90, 0],
			"translation": [0, -6.5, 2],
			"scale": [0.8, 0.8, 0.55]
		},
		"thirdperson_lefthand": {
			"rotation": [-135, -90, 0],
			"translation": [0, -6.5, 2],
			"scale": [0.8, 0.8, 0.55]
		},
		"firstperson_righthand": {
			"rotation": [-65, 10, -75],
			"translation": [3, 1.5, 1.5],
			"scale": [0.8, 0.8, 0.5]
		},
		"firstperson_lefthand": {
			"rotation": [115, 10, -75],
			"translation": [3, 1.5, 1.5],
			"scale": [0.8, 0.8, 0.5]
		},
		"ground": {
			"rotation": [90, 0, 0],
			"translation": [0, -3, 0]
		},
		"gui": {
			"scale": [0.75, 0.75, 1]
		},
		"head": {
			"rotation": [0, 0, -180],
			"translation": [2, -24.5, 5.75]
		}
	}
}