{
	"credit": "Made with Blockbench",
	"parent": "item/handheld",
	"textures": {
		"layer0": "items/1434"
	},
	"display": {
		"thirdperson_righthand": {
			"rotation": [180, -90, -141],
			"translation": [0, 9.5, 2],
			"scale": [1.5, 1.5, 1]
		},
		"thirdperson_lefthand": {
			"rotation": [99, 90, -141],
			"translation": [0, 9.5, 2],
			"scale": [1.5, 1.5, 1]
		},
		"firstperson_righthand": {
			"rotation": [14, -99, 63],
			"translation": [8.25, 5.25, -7],
			"scale": [1.5, 1.5, 1]
		},
		"firstperson_lefthand": {
			"rotation": [79, 95, -120],
			"translation": [8.5, 4.75, -6.5],
			"scale": [1.5, 1.5, 1]
		},
		"fixed": {
			"rotation": [-180, 0, 0],
			"translation": [0, 0, -0.5]
		}
	}
}