{
    "credit": "Made with Blockbench",
    "parent": "item/handheld",
    "textures": {
        "layer0": "items/1491"
    },
    "display": {
        "thirdperson_righthand": {
            "rotation": [-141, -90, -141],
            "translation": [0, 1.5, -1.75],
            "scale": [0.75, 0.75, 1]
        },
        "thirdperson_lefthand": {
            "rotation": [0, -271.25, 0],
            "translation": [0.25, 1.75, -2],
            "scale": [0.75, 1, 0.75]
        },
        "firstperson_righthand": {
            "rotation": [0, -85, 0],
            "translation": [1.75, 2.5, 0]
        },
        "firstperson_lefthand": {
            "rotation": [0, 85, 0],
            "translation": [2, 2.25, -1]
        },
        "gui": {
            "rotation": [0, 0, -45]
        }
    }
}