{
	"credit": "Made with Blockbench",
	"parent": "item/handheld",
	"textures": {
		"layer0": "items/dx0007"
	},
	"display": {
		"thirdperson_righthand": {
			"rotation": [0, -63, 13],
			"translation": [0, 1.75, 0],
			"scale": [0.65, 0.65, 0.85]
		},
		"thirdperson_lefthand": {
			"rotation": [0, 126, -13],
			"translation": [0, 1.75, 0],
			"scale": [0.65, 0.65, 0.85]
		},
		"firstperson_righthand": {
			"rotation": [0, -90, 3],
			"translation": [0, 3.45, 0.13],
			"scale": [0.8, 0.8, 0.95]
		},
		"firstperson_lefthand": {
			"rotation": [0, 90, 3],
			"translation": [-0.3, 3.45, 0.13],
			"scale": [0.8, 0.8, 0.95]
		},
		"fixed": {
			"scale": [0.95, 0.95, 1]
		}
	}
}