{
	"credit": "Made with Blockbench",
	"parent": "item/handheld",
	"textures": {
		"layer0": "items/s0083"
	},
	"display": {
		"thirdperson_righthand": {
			"rotation": [0, -90, 140],
			"translation": [0, -4.75, 1],
			"scale": [0.5, 0.5, 0.7]
		},
		"thirdperson_lefthand": {
			"rotation": [0, -90, -140],
			"translation": [0, -4.75, 1],
			"scale": [0.5, 0.5, 0.7]
		},
		"firstperson_righthand": {
			"rotation": [0, -78, 31],
			"translation": [0, 3.75, 0],
			"scale": [0.7, 0.7, 0.7]
		},
		"firstperson_lefthand": {
			"rotation": [0, 78, -31],
			"translation": [0, 3.75, 0],
			"scale": [0.7, 0.7, 0.7]
		}
	}
}