{
	"credit": "Made with Blockbench",
	"parent": "item/handheld",
	"textures": {
		"layer0": "items/0369"
	},
	"display": {
		"thirdperson_righthand": {
			"rotation": [0, -90, 0],
			"scale": [2.5, 2.5, 4]
		},
		"thirdperson_lefthand": {
			"rotation": [0, 90, 0],
			"scale": [2.5, 2.5, 4]
		},
		"firstperson_righthand": {
			"rotation": [0, -90, 26],
			"translation": [8, 0, 0],
			"scale": [2.5, 2.5, 4]
		},
		"firstperson_lefthand": {
			"rotation": [0, 90, -26],
			"translation": [8, 0, 0],
			"scale": [2.5, 2.5, 4]
		},
		"ground": {
			"rotation": [0, 0, 45],
			"scale": [2.5, 2.5, 4]
		},
		"head": {
			"rotation": [0, -88, 45],
			"translation": [-1.25, 8.75, 0],
			"scale": [2.5, 2.5, 4]
		}
	}
}