{
	"credit": "Made with Blockbench",
	"parent": "item/handheld",
	"textures": {
		"layer0": "items/0191"
	},
	"display": {
		"thirdperson_righthand": {
			"rotation": [90, 90, -45],
			"translation": [0, 9, 1.75],
			"scale": [1.5, 1.5, 1]
		},
		"thirdperson_lefthand": {
			"rotation": [90, -90, 45],
			"translation": [0, 9, 1.75],
			"scale": [1.5, 1.5, 1]
		},
		"firstperson_righthand": {
			"rotation": [0, 90, 55],
			"translation": [3, 3, 0],
			"scale": [1, 1, 0.75]
		},
		"firstperson_lefthand": {
			"rotation": [55, -90, 0],
			"translation": [3, 3, 0],
			"scale": [1, 1, 0.75]
		},
		"ground": {
			"rotation": [90, 0, 0],
			"translation": [0, -3, 0],
			"scale": [2, 2, 1]
		},
		"gui": {
			"scale": [1.2, 1.2, 1]
		},
		"head": {
			"rotation": [0, 0, -180],
			"translation": [0, -13.75, 7],
			"scale": [2, 2, 1]
		}
	}
}