{
    "effect.shootA": {
        "sounds": [
            "effect/shoot-a"
        ],
        "subtitle": "射撃音"
    },
    "effect.slashA": {
        "sounds": [
            "effect/slash-a"
        ],
        "subtitle": "斬撃音"
    },
    "effect.slashB": {
        "sounds": [
            "ffect/slash-b"
        ],
        "subtitle": "重斬撃音"
    },
    "effect.slashC": {
        "sounds": [
            "effect/slash-c"
        ],
        "subtitle": ""
    },
    "effect.slashD": {
        "sounds": [
            "effect/slash-d"
        ],
        "subtitle": ""
    },
    "effect.slashE": {
        "sounds": [
            "effect/slash-e"
        ],
        "subtitle": ""
    },
    "effect.slashF": {
        "sounds": [
            "effect/slash-f"
        ],
        "subtitle": ""
    },
    "effect.slashG": {
        "sounds": [
            "effect/slash-g"
        ],
        "subtitle": ""
    },
    "effect.guardA": {
        "sounds": [
            "effect/guard-a"
        ],
        "subtitle": ""
    },
    "effect.guardB": {
        "sounds": [
            "effect/guard-b"
        ],
        "subtitle": ""
    },
    "effect.strikeA": {
        "sounds": [
            "effect/strike-a"
        ],
        "subtitle": ""
    },
    "effect.strikeB": {
        "sounds": [
            "effect/strike-b"
        ],
        "subtitle": ""
    },
    "effect.strikeC": {
        "sounds": [
            "effect/strike-c"
        ],
        "subtitle": ""
    },
    "effect.impactA": {
        "sounds": [
            "effect/impact-a"
        ],
        "subtitle": ""
    },
    "effect.impactB": {
        "sounds": [
            "effect/impact-b"
        ],
        "subtitle": ""
    },
    "effect.impactC": {
        "sounds": [
            "effect/impact-c"
        ],
        "subtitle": ""
    },
    "effect.skillA": {
        "sounds": [
            "effect/zyuuteion"
        ],
        "subtitle": "スキル重低音"
    },
    "effect.skillC": {
        "sounds": [
            "effect/gaki-n"
        ],
        "subtitle": "重斬撃音"
    },
    "effect.bulletA": {
        "sounds": [
            "effect/bullet-a"
        ],
        "subtitle": "弾丸が掠る"
    },
    "effect.death": {
        "sounds": [
            "effect/death-a"
        ],
        "subtitle": "Player死亡"
    },
    "effect.spawn": {
        "sounds": [
            "effect/spawn"
        ],
        "subtitle": ""
    },
    "effect.beamA": {
        "sounds": [
            "effect/beam-a"
        ],
        "subtitle": ""
    },
    "effect.beamB": {
        "sounds": [
            "effect/beam-b"
        ],
        "subtitle": ""
    },
    "effect.beamC": {
        "sounds": [
            "effect/beam-c"
        ],
        "subtitle": ""
    },
    "effect.beamD": {
        "sounds": [
            "effect/beam-d"
        ],
        "subtitle": ""
    },
    "effect.shout1": {
        "sounds": [
            "effect/shout1"
        ],
        "subtitle": ""
    },
    "effect.shout2": {
        "sounds": [
            "effect/shout2"
        ],
        "subtitle": ""
    },
    "effect.shout3": {
        "sounds": [
            "effect/shout3"
        ],
        "subtitle": ""
    },
    "effect.shout4": {
        "sounds": [
            "effect/shout4"
        ],
        "subtitle": ""
    },
    "gui.push1": {
        "sounds": [
            "gui/gui_push"
        ],
        "subtitle": ""
    },
    "gui.push2": {
        "sounds": [
            "gui/gui_push2"
        ],
        "subtitle": ""
    },
    "gui.cancel": {
        "sounds": [
            "gui/gui_cancel"
        ],
        "subtitle": ""
    },
    "gui.speak": {
        "sounds": [
            "gui/gui_speak"
        ],
        "subtitle": ""
    }
}