{
	"effect.shootA": {
		"sounds": [
			"mob/silverfish/say1"
		],
		"subtitle": "射撃音"
	},
	"effect.slashA": {
		"sounds": [
			"mob/silverfish/say2"
		],
		"subtitle": "斬撃音"
	},
	"effect.slashB": {
		"sounds": [
			"mob/silverfish/hit2"
		],
		"subtitle": "重斬撃音"
	},
	"effect.skillC": {
		"sounds": [
			"effect/gaki-n"
		],
		"subtitle": "重斬撃音"
	},
	"effect.skillA": {
		"sounds": [
			"mob/silverfish/hit2"
		],
		"subtitle": "スキル重低音"
	},
	"effect.skillB": {
		"sounds": [
			"effect/zyuuteion"
		],
		"subtitle": "スキル重低音"
	},
	"effect.bulletA": {
		"sounds": [
			"mob/silverfish/say3"
		],
		"subtitle": "弾丸が掠る"
	},
	"effect.death": {
		"sounds": [
			"mob/silverfish/hit1"
		],
		"subtitle": "Player死亡"
	}
}