{
	"parent": "block/block",
	"textures": {
		"particle": "#all"
	},
	"elements": [
		{ "from": [ 0, 0, 0 ],
			"to": [ 16, 16, 16 ],
			"faces": {
				"down": { "uv": [0, 16, 16, 0], "texture": "#all", "cullface": "down" },
				"up":	{ "texture": "#all", "cullface": "up" },
				"north": { "uv": [16, 0, 0, 16], "texture": "#all", "cullface": "north" },
				"south": { "texture": "#all", "cullface": "south" },
				"west": { "uv": [16, 0, 0, 16], "texture": "#all", "cullface": "west" },
				"east": { "texture": "#all", "cullface": "east" }
			}
		}
	]
}
