{
  "bgm.orgelA": {
    "sounds": [
		{ 
			"name": "bgm/orgelA",
			"stream": true,
			"volume": 1.0
		}
    ],
    "subtitle": ""
  },
  "bgm.orgelB": {
    "sounds": [
		{ 
			"name": "bgm/orgelB",
			"stream": true,
			"volume": 1.0
		}
    ],
    "subtitle": ""
  },
  "effect.slashA": {
    "sounds": [
		{ 
			"name": "effect/slashA",
			"stream": true,
			"volume": 1.0
		}
    ],
    "subtitle": "斬撃音"
  },
  "effect.shootA": {
    "sounds": [
		{ 
			"name": "effect/shootA",
			"stream": true,
			"volume": 1.0
		}
    ],
    "subtitle": "軽 射撃音"
  },
  "effect.shootB": {
    "sounds": [
		{ 
			"name": "effect/shootB",
			"stream": true,
			"volume": 1.0
		}
    ],
    "subtitle": "重 射撃音"
  },
  "effect.bulletA": {
    "sounds": [
		{ 
			"name": "effect/bulletA",
			"stream": true,
			"volume": 1.0
		}
    ],
    "subtitle": "銃弾音"
  }
}