{
	"credit": "Made with Blockbench",
	"parent": "item/handheld",
	"textures": {
		"layer0": "items/0622"
	},
	"display": {
		"thirdperson_righthand": {
			"rotation": [0, -90, 58],
			"translation": [-0.5, 0.5, 0],
			"scale": [0.75, 1.22, 0.82]
		},
		"thirdperson_lefthand": {
			"rotation": [0, 90, -58],
			"translation": [-0.5, 0.5, 0],
			"scale": [0.75, 1.22, 0.82]
		},
		"firstperson_righthand": {
			"rotation": [150, -90, -180],
			"translation": [-1, 4.5, 2.5],
			"scale": [0.9, 0.9, 0.9]
		},
		"firstperson_lefthand": {
			"rotation": [150, 90, -180],
			"translation": [-1, 4.5, 2.5],
			"scale": [0.9, 0.9, 0.9]
		},
		"ground": {
			"rotation": [90, 0, 0],
			"translation": [-0.25, -3, 0]
		},
		"gui": {
			"translation": [0.25, 0, 0]
		},
		"head": {
			"translation": [0.5, -14.75, 4]
		}
	}
}