{
	"credit": "Made with Blockbench",
	"parent": "item/handheld",
	"textures": {
		"layer0": "items/0616"
	},
	"display": {
		"thirdperson_righthand": {
			"rotation": [0, -99, 45],
			"translation": [-1, 0.5, -1.25],
			"scale": [0.75, 1.22, 0.82]
		},
		"thirdperson_lefthand": {
			"rotation": [0, 84, -45],
			"translation": [-0.75, 0.5, -1.25],
			"scale": [0.75, 1.22, 0.82]
		},
		"firstperson_righthand": {
			"rotation": [150, -90, -180],
			"translation": [-0.75, 4.5, 2.5],
			"scale": [0.9, 0.9, 0.9]
		},
		"firstperson_lefthand": {
			"rotation": [150, 75, -180],
			"translation": [-1, 4.5, 2.5],
			"scale": [0.9, 0.9, 0.9]
		},
		"ground": {
			"rotation": [90, 0, 0],
			"translation": [-0.25, -3, 0]
		},
		"head": {
			"translation": [0.25, -15, 4]
		}
	}
}