{
	"credit": "Made with Blockbench",
	"parent": "item/handheld",
	"textures": {
		"layer0": "items/0192"
	},
	"display": {
		"thirdperson_righthand": {
			"rotation": [0, -90, 45],
			"translation": [0, 1, 0],
			"scale": [0.6, 0.6, 1]
		},
		"thirdperson_lefthand": {
			"rotation": [0, 90, -45],
			"translation": [0, 1, 0],
			"scale": [0.6, 0.6, 1]
		},
		"firstperson_righthand": {
			"rotation": [135, -75, -180],
			"translation": [3, 1.5, 0],
			"scale": [0.6, 0.6, 1]
		},
		"firstperson_lefthand": {
			"rotation": [135, 75, -180],
			"translation": [3, 1.5, 0],
			"scale": [0.6, 0.6, 1]
		},
		"ground": {
			"rotation": [90, 0, 0],
			"translation": [2.25, -3.25, -1]
		}
	}
}