{
	"credit": "Made with Blockbench",
	"parent": "item/handheld",
	"textures": {
		"layer0": "items/0616"
	},
	"display": {
		"thirdperson_righthand": {
			"rotation": [0, -90, 45],
			"translation": [0, 0, -2]
		},
		"thirdperson_lefthand": {
			"rotation": [0, 90, -45],
			"translation": [0, 0, -2]
		},
		"firstperson_righthand": {
			"rotation": [-45, -90, 0],
			"translation": [4, 0, 0]
		},
		"firstperson_lefthand": {
			"rotation": [-45, 90, 0],
			"translation": [4, 0, 0]
		},
		"ground": {
			"rotation": [90, 0, 0],
			"translation": [0, -3.5, 0],
			"scale": [1.3, 1.3, 1]
		},
		"head": {
			"rotation": [0, 0, 90],
			"translation": [2, -14, 6],
			"scale": [1.5, 1.5, 1]
		}
	}
}